taxID,barcode09,barcode10,barcode11,barcode12,barcode13,barcode14,barcode15,barcode16,barcode17,barcode18
52,0,1,0,0,4127,0,0,0,1,0
56,0,0,0,0,231,0,0,0,0,0
63,0,1,0,0,0,0,0,0,0,0
94,0,0,0,0,0,0,0,1,0,0
197,0,0,0,0,0,0,0,1,0,0
213,1,0,0,0,1,5,6,1,0,0
217,3,0,0,0,4,0,0,65,0,0
235,0,0,0,0,0,1,0,85,0,0
238,0,0,0,0,0,0,0,0,4,0
250,0,0,82,0,0,0,0,0,1,1
253,0,0,3,0,0,0,0,0,0,0
254,0,0,1,0,0,0,0,0,3,0
285,0,1,1,0,0,0,0,1,0,0
287,0,0,0,0,0,0,0,2,0,0
294,0,0,0,0,0,0,0,4,0,0
297,0,0,0,1,0,0,0,0,1,3
303,0,0,0,0,0,0,0,150,0,0
305,0,0,0,0,0,1,0,0,0,0
316,0,0,0,0,0,0,0,2,0,0
317,0,0,0,0,0,0,0,1,0,0
333,0,0,0,0,0,0,0,1,0,0
337,0,0,0,2,0,0,0,0,2,17
375,0,0,0,0,0,0,0,0,0,1
376,0,0,0,0,0,0,0,2,0,12
382,0,0,0,0,0,95,0,0,0,0
386,0,0,0,0,0,0,0,8,0,0
436,0,0,0,0,0,1,0,0,0,0
470,0,0,0,0,0,0,0,3,0,0
471,0,0,0,0,0,0,0,10,0,0
518,0,3,0,0,0,0,0,26,1,0
519,9,2,0,0,0,0,0,18,0,0
520,0,1,0,0,0,0,0,2,0,0
521,0,0,0,0,0,0,0,1,0,0
529,3,2,0,1,1,82,0,7883,2,0
545,101,0,0,0,2,0,0,0,0,0
546,35,0,0,0,0,0,0,0,0,3
548,24,0,0,0,0,0,0,0,0,1
549,2,0,0,0,0,0,0,0,0,0
550,10,0,0,0,0,0,0,0,0,0
552,2,0,0,0,0,0,0,0,0,0
562,151265,23,51,19,1788,20,53,21,650,2169
563,1,0,0,0,0,0,0,0,0,0
564,8720,5,6,1,140,1,3,1,16,137
565,3,0,0,0,0,0,0,0,0,0
571,19,0,0,0,0,0,0,0,0,0
573,4465,3,7,5,70,4,7,3,23,92
582,63,0,0,0,2,0,0,0,1,1
584,23,0,0,0,0,0,0,0,1,0
587,3,0,0,0,0,0,0,0,0,0
588,20,0,0,0,0,0,0,0,1,0
595,59,0,0,0,0,0,0,0,0,1
596,0,0,0,0,1,0,0,0,0,0
598,33,0,0,0,2,0,0,0,0,1
600,3,0,0,0,0,0,0,0,0,0
605,32,0,0,0,0,0,0,0,0,0
611,26,0,0,0,0,0,0,0,0,1
615,6,0,0,0,0,0,0,0,0,0
618,3,0,0,0,0,0,0,0,1,0
621,1655,0,0,0,14,0,1,2,8,11
622,2875,1,1,0,27,0,0,0,8,37
623,4804,0,3,2,45,0,0,1,22,106
624,3199,0,0,0,38,0,0,1,17,71
630,1,0,0,0,0,0,0,0,0,0
631,1,0,0,0,0,0,0,0,0,0
632,6,0,0,0,0,0,0,0,0,0
633,1,0,0,0,0,0,0,0,0,0
636,6,0,0,0,0,0,0,0,0,0
638,2,0,0,0,0,0,0,0,0,0
670,1,0,0,0,0,0,0,0,0,0
703,1,0,0,0,0,0,0,0,0,0
726,0,0,0,0,0,0,0,0,1,0
732,0,0,0,0,0,0,0,0,1,0
817,78,1,1,0,2,81,39,9,391,1
818,45,7,1,0,0,82,42,12,200,0
820,6926,27,3,3,6,4006,3470,1667,7880,29
821,5,1,0,0,0,473,321,2,24,2
823,12534,10,4,7,6,2468,566,4,8366,1844
831,103,3,0,1,1,278,180,33,127,11
837,1,0,0,0,0,0,1,0,0,0
839,4,0,0,0,0,8,8,0,2,5
844,0,0,0,0,0,0,0,1,0,0
853,0,0,0,0,0,1,1,0,1,0
876,19,0,0,0,1,57,5,0,97,0
881,7,0,0,0,0,4,1,0,0,0
882,22,0,0,0,0,11,0,0,0,0
901,10,0,0,0,0,223,5,0,98,1
964,0,0,0,0,0,0,0,4,0,0
979,0,0,0,2,0,0,0,0,0,0
1017,0,0,0,3,0,0,0,0,0,0
1042,0,19,1,0,6,0,0,0,0,16
1076,0,0,0,0,0,0,0,0,0,1
1112,0,1,0,0,0,0,0,0,0,1
1126,3,0,5,0,0,19,23,0,0,0
1140,0,0,0,0,0,3,4,0,0,0
1254,0,1,0,1,0,1,0,0,6,7
1255,0,0,0,0,0,2,2,0,1,4
1270,0,0,0,0,21,0,1,0,0,0
1273,0,1,0,0,35,0,0,1,0,1
1274,0,1,0,0,0,0,0,0,0,0
1280,17,31,11,2000,694,17,10,27,228,25
1281,1,0,0,162,29,2,0,0,1,1
1282,1,1,3,106,7411,1,2,5,8046,4
1283,1,0,0,94,54,2,0,0,56,0
1284,0,0,0,0,0,1,0,0,0,0
1286,0,0,0,64,7,0,0,0,1,0
1288,0,0,0,15,4,0,0,1,1,0
1290,0,0,0,38,14,0,0,0,9,1
1292,8,2,1,1274,253,9,6,1,2,0
1293,0,0,0,5,1,1,0,0,0,0
1294,0,0,0,0,2,0,0,0,1,0
1295,7,27,31,1,48,0,1,38,1,18
1296,191,4,6,17517,4982,172,46,1,4,4
1302,0,0,0,192,472,15,21,0,5,0
1303,0,0,2,17,10,1,1,0,1,0
1304,1,4,1610,85,26,2,8,3,4,13
1305,0,1,12,871,220,12,1,1,18,0
1307,11,9,7,46005,14826,574,228,20,739,25
1308,0,0,518,52,31,1,1,2,1,3
1309,0,0,0,0,28,0,0,0,1,0
1310,0,0,0,3,8,0,0,0,0,1
1311,0,0,1,3,16,1,0,0,0,0
1313,0,0,1,128,51,3,0,0,1,1
1314,0,0,2,33,47,0,4,1,2,9
1318,0,0,0,300,131,6,5,0,5,0
1319,0,0,0,1,0,0,0,0,0,0
1326,0,0,0,37,11,1,0,0,1,0
1328,0,0,0,565,1387,56,66,0,10,0
1329,0,0,0,1,0,0,0,0,0,0
1334,0,0,0,0,2,0,0,0,0,0
1335,0,1,20,4,121,10,12,4,2,10
1338,0,0,0,68,13,0,0,0,1,1
1340,1,0,0,9,234,12,7,0,1,0
1341,0,0,0,5,4,1,0,0,0,1
1343,17,5,38419,8,8,6,10,10,8,9
1345,0,0,0,1,1,0,0,0,0,0
1346,0,0,0,11,5,0,0,0,0,2
1348,0,0,0,1,2,1,0,0,0,0
1351,22,10,21,19,29,17,313,17,18798,101270
1352,21,119,166,26,134,7,6,140,127,610
1353,0,1,0,1,0,0,1,0,22,123
1354,0,4,6,0,4,0,0,3,0,7
1359,0,0,0,3,2,0,0,0,1,0
1363,1,0,0,0,0,0,0,0,0,0
1366,0,0,0,1,0,0,0,0,0,0
1374,1,3,1,0,2,0,0,3,0,0
1377,0,0,1,0,0,0,0,0,0,0
1379,0,0,0,0,0,0,0,0,353,1
1390,4,9,12,3,27,1,1,20,1,14
1392,41,95,211,0,237,8,2,140,16,78
1393,0,0,0,0,1,0,0,0,0,0
1394,0,1,0,0,0,0,0,0,0,0
1396,41,160,171,24,271,5,6,190,20,122
1397,0,0,714,4,6,0,0,1,0,7
1398,0,8,803,0,19,1,0,9,0,3
1399,0,9,18,0,10,0,1,13,1,4
1401,0,0,0,0,0,0,0,0,0,1
1402,7,20,24,4,40,1,0,30,3,20
1404,14,47,50,31,108,3,2,67,4,45
1405,16,37,70,6,69,5,2,43,2,29
1406,0,2,0,1,6,0,0,4,0,2
1407,0,1,1,61,14,2,0,0,1,0
1408,1,5,4,0,8,0,0,3,0,6
1423,214,619,446,24,691,31,35,783,61,378
1426,0,2,3,0,8,0,0,3,1,0
1428,42,152,152,6,275,15,6,172,16,110
1430,0,1,1,1,1,0,0,0,1,1
1442,0,0,0,0,1,0,0,0,0,0
1444,5,11,6,0,19,0,0,13,0,9
1451,0,0,0,2,1,0,0,0,52,0
1452,4,6,5,0,17,0,0,7,0,3
1455,152,737,764,1,1016,46,33,861,54,484
1462,3,30,15,0,57,0,0,25,0,3
1467,42,151,125,0,238,7,9,184,16,106
1471,10,44,54,1,70,9,1,58,6,40
1474,89,247,281,2,496,16,7,410,28,219
1476,0,2,2,0,2,0,0,4,0,0
1477,0,0,0,0,0,0,0,1,0,1
1478,0,0,11,0,0,0,0,0,0,0
1479,548,1431,1740,1,3218,83,35,2067,136,981
1482,0,2,0,0,1,0,0,0,0,2
1490,12,0,0,0,1,1,3,1,251,2
1491,0,0,0,0,0,0,0,0,0,1
1492,5,0,0,0,0,0,0,0,0,0
1496,0,0,0,0,0,0,0,0,15,0
1497,0,0,0,0,0,1,1,2,0,1
1502,5,0,0,0,0,1,1,1,2759,0
1505,15,14,12,11,10,5,16,7,72501,11
1511,1,0,0,0,0,0,0,0,0,0
1513,0,0,0,0,0,5,0,0,0,0
1515,2,2,0,0,0,0,2,0,0,1
1517,1,0,0,0,0,3,2,0,0,0
1532,290,1,1,0,0,283,234,135,42,2
1541,0,0,0,0,0,0,0,0,3,0
1547,0,0,0,0,0,0,0,0,1,0
1570,0,0,0,0,0,0,0,0,1,0
1571,4,6,10,6,17,3,0,22,1,10
1579,3,0,0,0,0,0,0,0,5,0
1581,0,0,0,0,0,0,1,0,0,1
1583,0,0,0,1,0,0,0,0,0,1
1587,5,0,0,0,0,0,0,0,5,0
1588,0,0,0,0,0,1,2,0,2,3
1590,0,0,0,3,0,2,1,0,12,13
1596,35,5,7,3,1044,14,18,7,9202,5
1597,0,0,0,0,0,0,0,0,1,0
1598,9,12,12,5,13,4,128,10,81273,9
1599,0,0,0,0,0,3,2,1,2,6
1600,0,0,0,0,0,0,0,0,3,0
1601,0,0,0,0,0,0,1,0,0,1
1604,2,0,0,0,0,0,0,0,2,0
1605,4,5,2,334,3,772,692,8,3646,6833
1606,0,0,0,0,0,0,0,0,1,1
1613,0,0,0,0,0,0,0,0,11,1
1618,0,0,0,0,0,0,0,0,0,1
1622,28,36,43,6019,35,13644,6831,31,59909,100476
1623,1,2,6,0,2,0,0,0,0,1
1624,0,0,0,0,0,0,1,0,6,9
1632,1,0,0,0,0,0,0,0,9,0
1633,0,0,0,0,0,0,0,0,26,0
1638,0,0,1,0,2,0,0,0,0,1
1639,3,13,21,1,94,0,0,24,1,8
1641,1,5,2,0,7,0,0,5,2,4
1642,0,0,2,0,1,0,0,2,0,1
1650,0,0,0,6,1,0,0,0,0,0
1705,1,1,65,0,0,0,0,0,0,14
1708,0,0,0,0,352,0,0,0,0,1
1717,0,1,1,0,0,0,0,0,0,1
1719,0,0,0,0,0,0,0,0,0,1
1747,22854,91482,50682,31,56693,79,56,15469,2402,1868
1750,0,2,0,0,0,0,0,0,1,1
1752,1,1,1,0,1,0,0,1,0,1
1769,0,0,0,0,1,0,0,0,0,0
1774,0,4,0,0,5,0,0,0,0,0
1795,0,0,0,0,3,0,0,0,0,0
1824,0,7,1,0,2,0,0,0,0,0
1828,23,0,0,0,1663,0,0,1,1,0
1829,3,2601,576,3,1,0,0,1,1,1
1830,0,147,20,0,1,0,1,0,0,0
1833,0,0,0,0,10,0,0,0,0,0
1863,0,1,0,0,0,0,0,0,0,0
1890,0,0,0,0,1,0,0,0,0,0
1971,0,0,0,0,1,0,0,0,0,0
2047,0,15,0,0,0,0,0,0,0,0
2054,2,2,2,0,1,0,0,0,0,0
2061,0,0,0,0,2,0,0,0,0,0
2074,0,0,0,0,1,0,0,0,0,0
2143,0,0,0,0,0,0,0,0,0,1
2342,14,0,0,0,0,0,0,0,0,0
2377,0,0,0,0,0,34,46,0,1,0
2748,3,20,13,0,14,2,1,21,11,9
2751,1,2,8,0,3,0,1,5,0,3
2756,0,2,84,1,0,0,0,0,0,0
9606,3769,806,5719,4,25556,92,418,7082,678,2256
10090,687,1543,1354,73,10206,207,357,1851,303,1034
13373,0,0,0,0,0,0,0,0,1,4
13689,0,0,0,0,19,0,0,0,0,0
13690,0,0,0,0,2,0,0,0,0,0
28028,0,1,5,0,0,0,0,0,0,1
28031,0,1,0,0,1,0,0,0,0,0
28035,5,0,0,375,117,8,1,0,2,0
28037,0,1,0,5,3,1,0,0,0,0
28038,0,0,0,0,0,0,0,0,3,3
28090,0,0,0,0,491,0,0,0,0,0
28092,0,0,0,30,0,5,2,2,44,461
28095,0,0,0,0,0,0,0,0,0,2
28104,0,0,0,0,0,1,0,0,0,0
28111,6,2,0,0,0,5,4,0,21,0
28113,5,0,0,0,0,9,18,0,3,0
28116,885,1,1,1,1,359,139,1,3476,2
28118,9502,6,5,6,8,438,1212,6,2047,4796
28119,12,3,0,0,0,18,10,1,86,2
28125,22,0,0,1,0,0,1,1,0,7
28127,838,7,0,0,0,36,33,5,0,16
28128,1,0,0,1,0,0,1,0,45,0
28129,1809,471,0,1,1,1592,1065,336,44,1061
28131,7,1,0,0,0,1,4,4,6,36
28132,5,1,0,0,0,2,3,0,0,3
28133,15,0,0,0,0,71,40,2,1,0
28137,3,2,0,0,0,6,1,1,0,1
28141,24,0,0,0,0,0,0,0,0,0
28144,77,0,0,0,2,0,0,0,0,2
28147,1,0,0,0,0,0,0,0,0,0
28150,32,0,0,0,2,0,0,0,0,1
28151,1,0,0,0,0,0,0,0,0,0
28447,1,0,0,0,0,5,9,0,0,0
28450,0,0,0,2,0,0,0,0,0,4
28901,336,0,0,0,6,0,0,0,1,6
29347,18600,151,4,6,4,9221,6905,545,5033,18
29375,740,2,6,8,7,27959,15438,33,92,6
29378,0,0,0,20,3,0,0,0,0,0
29379,0,2,2,38,9,360,1,1,0,0
29380,0,1,0,19,113,0,0,0,58,0
29382,1,0,0,14,4,0,0,0,3,0
29384,0,0,0,5,1,0,0,0,0,0
29385,1,0,0,164,24,1,2,0,0,0
29388,0,0,0,19,43,0,0,0,16,0
29389,2,1,4,75,4291,218,271,0,0,0
29391,8,6,8,2,9,5,7,2,57197,3
29394,0,0,1,0,1,0,0,0,0,1
29430,0,0,0,0,1,0,0,0,0,0
29447,1,0,0,0,0,0,0,0,0,0
29448,0,0,0,0,0,0,0,27,0,530
29449,0,0,0,0,0,0,0,4,0,0
29459,0,0,0,0,0,1,0,53,0,0
29461,0,0,0,0,0,9,0,133,0,0
29471,1,0,0,0,0,0,0,0,0,0
29474,2,0,0,0,0,0,0,0,0,0
29485,1,0,0,0,0,0,0,0,0,0
29486,1,0,0,0,0,0,0,0,0,0
29546,3,0,0,0,0,1,0,0,0,0
29581,0,0,0,0,0,0,0,22,0,0
31963,0,1,0,0,0,1,2,0,0,2
32002,267,54,0,0,0,0,0,1075,6,0
33008,0,0,0,0,12,0,0,0,0,0
33010,2,69,0,0,37,0,0,0,0,0
33011,6,30,17864,4,29,3,12,7,1,7
33025,0,0,0,0,0,2,0,0,0,0
33028,0,0,0,4,20,0,0,0,10,0
33035,357,1,0,0,0,373,186,17,20,19
33038,14388,5,7,7,10,10430,6936,1160,1546,200
33039,10066,0,3,2,4,12863,8127,111,429,11
33040,0,1,1,135,20,1,0,0,1,0
33043,1114,0,3,3,1,3806,3118,70,130,700
33050,1,118,103,0,1,1,0,0,0,104
33051,0,0,0,0,174,0,0,0,0,0
33918,0,0,0,0,2,0,0,0,0,0
33932,21,305,202,1,449,15,10,464,35,260
33934,3,6,4,0,15,1,0,4,0,11
33936,5,18,24,0,40,1,0,29,2,10
33940,0,10,6,0,11,0,0,4,3,3
33941,0,3,0,0,2,0,0,5,0,2
33945,0,0,0,0,0,0,0,0,0,4
33946,0,0,1,1,1,0,0,0,0,0
33959,93,15,20,14,3466,23,44,25,62695,19
33970,0,0,0,0,0,0,0,0,4,9
33987,312,1086,1042,3,1934,62,39,1219,104,802
34070,1,0,0,0,0,0,0,219,0,0
34071,0,0,0,0,0,0,0,158,0,0
34073,150,113,282,0,2,0,1,0,12,542
34085,1,0,22,0,0,0,0,0,0,0
35703,3,0,0,0,0,0,0,0,0,0
35754,0,0,0,0,1,0,0,0,0,0
35787,0,0,0,0,0,0,0,0,12,0
35814,0,0,0,0,0,0,0,2,0,1
35841,70696,277988,305111,229,430687,15874,8350,330043,22142,216673
36808,0,2,1,0,0,0,0,0,0,0
36822,0,0,0,0,1,0,0,0,0,1
36835,10,0,0,0,0,4,7,7,3,0
36839,0,0,0,0,0,0,3,0,0,0
36855,0,0,0,0,0,0,0,1,0,0
36863,0,0,45,0,0,0,0,0,0,1
36874,0,0,0,0,0,3,1,0,7,0
37326,0,1,0,0,1,0,0,0,0,0
37332,1,0,0,0,18,0,0,0,1,0
37372,0,0,0,0,0,0,0,1,0,0
37637,0,2,0,0,0,0,0,1,0,0
37692,0,0,0,0,0,0,0,0,0,1
37734,0,0,0,0,0,0,0,0,6,51
37762,53,0,0,0,2,0,0,0,0,0
37919,0,1,0,0,2,0,0,0,0,0
37923,0,0,0,0,6,0,0,0,0,0
37927,0,0,0,0,1,0,0,0,0,0
37930,0,2,0,0,6,0,0,0,0,0
38284,2,3,7,0,5,0,0,0,0,1
38289,0,11,0,0,1,0,0,0,0,6
38290,0,1,0,0,0,0,0,0,0,0
38301,1,0,0,0,0,0,0,0,0,403
38303,0,0,0,0,0,0,0,0,0,69
38310,0,1,0,0,0,0,0,0,0,0
38504,1,0,0,0,0,0,0,0,0,0
38875,2,5,15,0,14,0,0,10,0,7
39485,397,1,0,0,1,337,197,7,16,0
39486,3452,3,0,1,0,1390,676,12,60,5
39488,1962,227,3,2,4,1806,1319,113,796,948
39491,404,43,1,0,1,1485,1485,564,91,108
39496,611,6,0,0,3,415,720,150,20,75
39645,0,0,0,0,0,2,0,0,0,0
39692,0,1,0,0,8,0,0,0,0,0
39694,0,0,0,0,1,0,0,0,0,0
39960,0,0,0,0,1,0,0,0,0,0
40041,0,0,0,0,358,0,0,0,0,0
40214,0,0,0,0,1,0,0,0,0,0
40545,0,0,0,23,0,5,9,0,56,549
42858,5669,269,349,1283606,243683,6355,4208,396,638,359
42897,134,0,0,0,2,0,0,0,0,3
43765,0,0,0,0,0,0,0,0,0,1
43767,0,2,0,0,10,0,0,0,0,0
43768,0,25,1,0,11,0,0,0,0,0
43770,0,18,2,0,1,0,0,1,0,894
43771,0,522,0,0,0,0,0,0,0,0
43990,0,0,1,0,0,0,0,0,0,0
44008,0,0,0,16,5,0,0,1,8,1
44009,0,0,0,0,0,0,0,0,5,29
44742,111,0,0,0,0,95,4,0,805,0
45067,1,0,0,0,0,0,0,0,0,0
45254,9,1,1,7,0,30,18,0,12,20
45634,0,0,0,1,0,0,0,0,0,0
45668,0,1,0,0,0,0,0,0,0,0
45851,14647,8,7,6,13,31027,25406,11451,311,4368
45972,1,0,0,201,9,0,0,0,3,0
46124,0,0,0,0,0,0,0,0,244,0
46126,2,6,15,6,19,1,0,11,0,8
46127,2,3,6,3,8,0,0,1,0,1
46503,91,0,1,0,2,636,459,1,928,4
46506,160,0,1,0,0,19,22,7,243,1
46507,0,0,0,0,0,1,0,0,0,0
46867,0,0,0,0,0,0,0,0,1,0
47421,1,1,3,0,0,0,0,2,0,0
47493,0,0,0,0,0,0,0,0,37,0
47671,0,0,0,0,0,0,0,7,1,3
47678,476,1,3,1,2,118,42,0,1728,1
47715,0,0,0,0,0,0,1,0,0,0
47770,350,0,0,1,1,0,0,1,16,0
47880,0,0,0,0,0,0,0,6,0,0
47917,1,0,0,0,0,0,0,0,0,0
47989,0,0,0,0,1,0,0,0,0,0
48296,2,0,0,0,0,0,0,268,0,0
49283,2,0,0,0,0,0,0,1,1,0
51173,156,424,631,1,1007,22,13,606,49,313
51515,1,1,0,0,0,586,786,5698,217,1
51663,0,0,0,0,0,0,1,0,0,3
51665,0,0,0,0,0,0,0,0,1,0
51669,0,0,1,0,0,0,0,0,0,0
53344,9,20,23,4,36,0,0,21,1,40
53346,0,0,0,0,0,0,0,0,0,7
53358,0,0,0,0,5,0,0,0,0,0
53374,0,0,0,0,0,0,0,0,0,9
53407,0,0,0,0,0,0,0,1,0,0
53442,0,0,0,0,0,0,0,0,3,0
53458,0,0,0,0,197,0,0,0,1,0
54006,1,0,0,0,0,1,1,1,0,0
54291,1,0,0,0,0,0,0,0,0,0
54388,1,0,0,0,0,0,0,0,0,0
54736,22,0,0,0,0,0,0,0,0,0
55212,20,0,0,0,0,0,0,0,0,0
55583,0,0,0,0,0,1,0,0,0,0
57045,24,0,0,0,0,0,0,0,0,1
57706,33,0,0,0,0,0,0,0,1,0
57743,138,0,0,0,0,0,0,0,1,0
57975,0,0,0,0,0,0,0,0,2,10
58712,72,0,0,0,1,0,0,0,0,0
59201,105,0,0,0,2,0,0,0,0,1
59310,0,0,0,2,36,2,2,0,0,0
59814,3,0,0,0,0,0,0,0,0,0
60480,0,0,1,0,0,0,0,0,0,0
60519,0,0,0,0,0,0,0,0,0,1
60550,0,0,0,7,0,2,0,0,9,65
61015,0,0,0,4,5,0,0,0,0,0
61645,11,0,0,0,0,0,0,0,0,1
61647,3,0,0,0,0,0,0,0,0,0
63186,0,0,0,0,0,3,3,0,0,0
64104,0,2,0,0,3,0,0,6,1,3
65393,0,1,0,0,0,2,2,0,0,0
65700,3,0,0,0,0,0,0,0,0,0
66269,28,0,0,0,1,0,0,0,0,0
66692,3,11,12,1,34,0,0,12,0,10
67780,10,0,0,0,0,0,0,0,0,0
67824,1,0,0,0,0,0,0,0,0,0
67828,1,0,0,0,0,0,0,0,0,0
68175,0,0,0,0,2,0,0,0,0,0
68334,2,0,0,0,0,0,0,0,0,0
68892,0,0,1,13,372,12,13,0,1,2
68895,0,0,0,0,0,0,0,0,0,12
69328,0,0,0,0,0,0,0,2,0,0
69666,1,0,0,0,0,0,0,0,0,0
69823,3,13,7,0,13,0,0,2,0,1
69966,590,1232,2071,40,6113,89,49,2651,99,658
69967,1238,3808,4806,4,9562,210,137,5532,370,2625
69968,34,107,163,148,403,8,7,181,14,83
70255,0,0,0,7,0,0,0,0,9,0
70258,0,0,0,2,1,0,0,0,0,0
70775,0,0,0,0,0,0,0,11,0,0
70803,9,0,0,0,0,0,0,0,0,0
71237,20,2,2,13978,2131,56,72,3,7,9
71254,0,1,0,0,0,0,0,0,0,0
71999,0,0,0,0,4,0,0,0,0,0
72000,0,1,0,0,0,0,0,0,0,0
72360,2,10,6,0,13,0,0,9,0,7
72361,3,8,4,0,12,0,0,5,0,3
72407,150,0,0,0,4,0,0,0,1,3
72758,0,0,0,54,15,0,0,0,4,0
74426,1,0,1,0,0,3,7,0,155,2310
75659,0,0,0,0,0,0,0,232,0,0
76115,1,0,0,0,0,0,0,0,0,0
76123,16,7,0,0,0,10,7,2,4,2
76259,0,0,0,0,0,0,0,1,0,0
76731,0,0,1,0,0,0,0,0,0,0
76759,0,0,0,0,0,0,0,18,0,0
76860,0,0,0,18,8,0,0,0,0,0
76869,0,0,0,0,0,0,0,4,0,0
76936,0,0,0,0,0,241,206,1,0,0
76947,0,0,0,0,14,0,0,0,0,0
77095,1,1,0,0,0,4,2,1,0,3
78327,0,0,0,0,0,0,0,3,0,0
78535,0,0,0,104,27,2,0,0,3,0
79604,111,0,0,0,0,128,71,1,11,60
79880,2,1,2,0,6,0,1,3,0,3
79883,0,0,0,0,1,0,0,1,0,0
79885,0,0,0,1,0,0,0,0,0,0
79967,2,0,0,0,0,0,0,0,0,0
80866,2403,28067,33757,16,9861,1196,676,54419,819,7812
81408,0,2,1,0,5,0,0,1,0,1
81479,2,1,1,0,0,0,0,0,0,4
81947,0,0,0,0,0,0,0,0,6,43
82135,0,0,0,0,0,0,0,0,0,3
82348,0,0,0,19,4,1,0,0,0,0
82633,0,0,0,0,0,0,0,0,0,23
82654,10,0,0,0,0,11,16,0,1,0
82689,8,0,0,0,0,0,0,0,1,1
82801,0,4,3,0,6,0,0,4,1,3
82803,1,0,0,0,2,0,0,0,0,2
82987,2,0,0,0,0,0,0,0,0,0
83263,0,0,0,0,0,0,0,6,0,0
83265,0,0,0,0,0,4,0,1,0,0
83333,180,0,0,0,2,0,0,0,2,5
83334,681,0,0,0,7,0,0,0,8,8
83655,17,0,0,0,0,0,0,0,0,0
83683,0,0,0,0,0,0,0,0,4,0
83684,0,0,0,0,1,0,0,0,0,1
84022,0,0,0,0,0,0,0,0,0,1
84032,2,0,0,0,0,2,2,0,1,0
84110,2,0,0,0,1,16,27,0,1,129
84112,472,0,0,0,0,862,444,0,17,78
84135,3,1,0,0,3,0,0,2,942,5
85336,0,1,0,0,1,0,0,0,0,0
85698,535,627,0,0,0,0,0,3585,84,0
85962,0,0,0,0,0,0,0,1,0,0
85963,0,0,0,0,0,0,0,8,0,0
86029,10,20,21,3,45,0,1,25,3,22
86663,12,44,46,0,61,2,1,58,5,41
86664,0,0,0,0,5,0,0,1,0,0
86665,0,1,1,0,4,0,0,1,0,0
87458,0,0,0,0,2,2,0,0,0,0
87541,0,0,0,0,1,0,0,0,0,0
87883,0,0,0,0,4,0,0,0,0,0
88431,3422,0,1,2,1,984,744,3,205,28
88688,0,0,0,0,0,0,0,1,1,0
89014,236,1,1,0,0,409,282,6,48,3
89053,1,4,2,0,2,0,0,1,0,1
89152,0,0,0,0,0,0,1,0,0,0
89153,1387,1,2,1,1,425,237,35,455,0
90105,6,0,0,0,0,1,0,0,0,0
90244,0,0,0,0,0,0,0,0,1,4
90245,1,0,0,0,0,1,0,0,2,7
90370,95,0,0,0,0,2,0,0,2,3
90371,60,0,0,0,1,0,0,0,0,3
91844,1,0,0,0,0,0,0,0,0,0
92490,31,0,0,0,0,0,0,0,0,0
93061,0,0,0,12,7,1,0,0,3,0
93064,1,0,0,0,134,0,0,0,0,0
94132,0,8,1,0,0,0,0,0,0,5
94138,0,0,0,8,3,1,0,0,1,0
94624,0,0,0,0,0,0,0,1,0,1
94625,0,0,0,0,0,0,0,29,0,0
96241,3,9,14,0,24,0,0,16,1,8
96344,0,0,0,0,0,0,0,0,0,6
97138,73964,16,22,17,23,11085,8552,25,20275,22
98228,2025,6673,8421,8,12701,438,241,8766,620,5102
98360,78,0,0,0,1,0,0,0,0,0
98671,0,0,0,0,12,0,0,0,0,0
99653,0,0,0,0,6,0,0,0,0,0
99807,0,3,3,0,0,0,0,0,0,0
99822,0,0,0,1,1,0,0,0,0,0
100886,29,0,0,0,0,0,0,0,2,0
101571,0,0,0,0,0,0,0,0,0,2
102684,0,0,0,0,25,4,1,0,0,0
102862,2,0,0,0,0,0,0,0,0,0
103796,0,0,0,0,0,0,0,6,0,0
103816,0,204,55,0,0,0,0,0,1,0
103817,0,0,0,0,1,0,0,0,0,0
103855,0,0,0,0,0,0,0,1,2,0
104955,0,0,0,0,0,0,0,0,22,0
105841,67,0,2,0,1,1107,1081,8,4,222
106590,0,0,0,0,1,0,0,0,0,15
106654,0,0,0,0,0,0,0,5,0,0
107637,2,0,0,0,0,0,0,0,0,0
107819,0,0,0,0,0,0,0,0,281,0
108486,0,5,1,0,2,0,0,0,0,3
108619,24,0,0,0,0,0,0,0,0,0
109790,0,0,0,0,0,0,0,0,11,0
110321,0,0,0,0,0,0,0,4,0,0
110505,0,1,0,0,0,0,0,0,0,0
113107,0,0,0,123,100,3,7,0,3,0
114527,1,0,0,0,0,12,10,0,20,0
114528,0,0,0,0,0,7,21,0,77,0
115808,0,0,0,0,0,0,0,4,0,50
115981,10,0,0,0,0,0,0,0,0,1
118060,1,0,1,0,1,0,0,0,2,26
119206,0,11,18,0,20,0,0,18,0,9
119219,0,0,0,0,0,0,0,0,0,3129
119602,0,0,0,7,2,1,0,1,1,5
119912,10,0,0,0,0,0,0,0,0,0
120576,0,0,0,0,0,7,0,567,0,0
121292,0,0,0,0,2,0,0,0,0,0
121428,0,2,0,0,0,0,0,0,0,0
123899,0,0,0,0,0,0,0,1,0,0
129338,2,4,5,0,9,2,0,3,0,2
129985,0,1,3,0,4,0,1,2,0,2
130049,0,0,6,0,0,0,0,0,0,0
131080,0,0,0,0,0,0,0,0,0,1
133448,1,0,0,0,0,0,0,0,0,0
134047,8,0,0,0,0,0,0,0,0,0
134821,5,0,0,0,0,0,0,0,0,0
135461,3,9,18,0,12,1,0,12,4,6
135727,0,0,0,1,0,1,0,0,0,0
137591,0,0,0,1,0,1,1,0,0,17
137722,0,0,0,0,1,0,0,0,0,0
137732,0,0,0,0,0,0,0,0,4,0
138074,2,0,0,0,0,0,0,0,0,0
138532,0,2,0,0,1,0,0,0,0,1
143221,5,0,0,0,0,0,0,0,0,0
143495,0,2,0,0,2,0,1,1,0,1
144184,0,0,1,0,0,0,0,0,0,0
145391,0,0,0,21,4,0,0,0,1,0
145458,0,1,0,0,0,0,0,0,0,0
146827,0,0,0,0,0,0,0,0,0,23
147206,0,0,0,0,0,0,17,2,281,3762
148942,0,0,0,0,15,1,0,0,0,0
149016,0,0,0,0,4,0,0,0,0,0
149391,7,0,0,0,0,0,0,0,0,0
149539,78,0,0,0,0,0,0,0,0,0
150055,1,4,7,7,544,17,24,7,2,11
151781,6,5,2,3,3,2,4,3,32660,7
152268,9,16,23,0,41,0,1,21,0,18
152500,0,0,0,0,0,0,0,0,0,1
152682,7,0,0,0,4,0,0,0,0,0
153151,46,167,179,0,427,12,6,165,34,122
154046,11356,7,6,4,5,14058,9650,143,476,664
154288,0,0,1,0,0,1,0,0,0,1
155085,0,0,0,1,0,0,0,0,0,0
155322,0,0,1,0,0,0,0,0,0,0
156976,0,0,3,0,0,0,0,0,0,25
157268,0,0,0,0,0,0,0,1,0,0
157782,0,0,0,0,0,0,0,40,0,0
157783,0,0,0,0,0,0,0,2,0,0
158823,4,0,0,0,0,0,0,0,0,0
158836,418,0,0,0,3,0,0,0,4,2
158841,2,0,0,0,0,0,0,0,0,0
158877,9,0,0,0,1,0,0,0,0,0
160488,0,0,0,0,0,0,0,1,0,0
160791,0,0,0,0,7,0,0,0,0,0
160825,0,0,0,0,0,0,0,0,0,1
160826,0,0,0,0,1,0,0,0,0,0
161895,0,0,0,0,0,0,0,0,0,28
161896,0,17,1,0,6,0,0,0,0,33
161899,0,0,0,0,0,0,0,0,0,48
162156,263,3,3,5,3,365,206,3,1582,5
163877,0,0,1,0,1,0,0,1,0,0
164546,0,0,0,0,0,0,0,0,0,3
165179,9,0,0,0,0,1,0,0,1,1
165694,0,0,0,0,0,0,0,1,0,0
166314,0,0,1,0,0,0,0,0,0,0
166485,8,0,0,0,0,12,6,0,0,0
166486,182,0,0,0,1,1187,1036,1139,9,2
167972,0,0,0,0,0,0,0,0,2,4
168807,1288,0,0,1,10,0,0,0,2,21
168927,1,0,0,0,0,0,0,0,0,0
169134,0,0,0,0,1001,0,0,0,0,0
169292,0,0,1,0,0,0,0,0,0,0
169435,10154,2,1,0,2,4414,3523,7,11188,2
169760,0,0,0,0,0,0,1,0,0,0
170573,0,0,0,31,10,0,0,0,0,0
171865,0,0,0,0,1,0,0,0,0,0
172042,1,17240,2,2,2,1,0,5,4,6
172713,0,1,0,0,0,0,0,0,0,1
173559,0,0,0,0,1,0,0,0,0,0
174587,42,255,259,1,362,14,9,301,20,162
176279,0,0,0,0,18,0,0,0,264,0
176280,1,1,0,2,134,1,0,1,1865,0
178214,5,6,14,1,20,2,0,6,1,3
179636,1,3,2,0,0,0,0,13,0,0
180282,74,882,926,0,315,38,18,8789,29,264
180400,0,622,782,1,2,0,2,0,0,620
180434,1,0,0,0,0,0,0,0,0,0
180850,0,1,3,0,8,0,0,6,1,1
182217,0,0,0,0,0,0,0,4,0,0
182773,0,0,0,0,0,0,0,0,0,1
184246,0,0,0,3,0,0,0,0,0,0
185007,869,0,0,0,0,135,372,0,5,1
185008,10,3,0,1,0,53,70,0,0,0
186103,0,0,0,0,1,0,0,0,0,0
186196,0,0,0,0,2,0,0,0,0,0
187491,0,0,0,0,0,0,0,0,0,1
189381,0,2,6,0,9,0,0,4,1,0
189382,0,0,0,0,1,0,0,0,0,0
189665,1,4,5,1,4,1,0,2,0,3
189691,5,14,21,1,21,2,0,26,1,13
190148,0,0,0,0,0,0,0,7,0,225
190905,0,0,0,0,1,0,0,0,3,0
190906,5,0,0,0,0,0,0,0,3,0
191960,1,0,0,0,0,0,0,0,0,0
192389,0,0,77,0,0,0,0,0,0,0
192421,0,0,1,0,1,0,0,0,0,1
192843,0,0,0,0,0,0,0,0,0,1
192954,2,0,0,0,0,0,0,0,0,0
192955,82,0,0,0,1,0,0,0,0,0
194439,0,0,0,0,0,1,0,0,0,0
195102,0,0,0,0,0,0,0,0,43,0
195103,0,0,0,0,0,0,0,0,412,0
196164,0,2,0,0,0,0,0,0,0,0
197614,1,0,0,1,2691,108,84,0,0,2
198214,8,0,0,0,0,0,0,0,0,0
198215,12,0,0,0,0,0,0,0,1,0
198467,0,4,2,0,0,1,0,1,0,3
198483,8,16,24,0,40,0,2,39,0,16
199310,330,0,0,0,1,0,0,0,1,4
199441,1,2,2,0,1,0,0,1,0,0
199591,0,0,0,0,2,0,0,1,0,0
200991,0,0,1,0,0,0,0,0,1,0
201828,0,0,0,1,0,0,0,0,0,0
202751,3,13,8,0,21,0,1,15,2,15
202752,0,1,0,0,2,0,0,0,0,0
202956,0,0,0,0,1,0,0,0,0,0
203119,7,0,0,0,0,0,1,0,0,0
203275,4,0,0,0,0,8,10,0,21,2
204038,1,0,0,0,0,0,0,0,0,0
204042,1,0,0,0,0,0,0,0,0,0
204525,0,0,0,0,0,4,0,0,0,0
204669,0,0,0,0,0,0,24,0,0,0
207340,0,0,1,0,0,1,0,0,0,0
208199,0,16,2,0,3,0,0,7,0,4
208223,7,0,0,0,0,0,0,0,0,0
208224,14,0,0,0,0,0,0,0,0,1
208479,15421,9,13,4,9,24551,17761,1294,2625,50
208596,228,981,384,5,1066,58,33,1252,91,629
208602,0,0,0,0,5,0,0,0,0,0
208962,1825,2,2,1,12,1,0,0,5,25
210007,0,0,0,0,2,0,0,0,0,0
212765,0,1,1,0,0,0,0,0,0,0
212767,0,0,0,0,0,0,0,1,0,0
213418,0,0,0,7,0,0,0,0,0,0
213419,4,6,5,0,12,0,0,11,3,6
214473,0,0,0,59,14,0,0,0,1,0
214851,1,0,0,0,0,1,2,0,4,0
214856,13418,17,9,22941,4201,2037,2015,11,3826,118
215580,0,0,40,0,0,0,0,0,0,0
215689,4,0,0,0,0,0,0,0,0,0
216592,62,0,0,0,1,0,0,0,2,2
216599,30,0,0,0,1,0,0,0,0,1
216963,0,0,0,0,0,0,0,0,3,14
217203,65,34,0,0,0,0,0,225,7,0
217204,99,145,0,0,1,0,1,733,33,0
218144,0,0,1,1,0,0,0,0,0,3
218284,0,0,1,0,4,0,0,0,0,1
218493,8,0,0,0,0,0,0,0,0,1
218495,0,0,0,1,0,0,0,0,0,0
220684,9,241,274,0,425,10,20,397,22,253
220687,0,0,0,0,0,0,0,1,0,1
221109,0,0,7,0,0,0,0,0,0,0
221988,0,0,0,0,0,0,0,0,1,0
223392,0,169,28,1,0,0,0,0,0,0
224308,0,3,0,0,5,1,1,5,0,0
225991,0,0,0,0,0,0,0,0,0,1
225992,0,1,0,0,0,0,0,1,1,0
226185,0,0,0,0,0,0,1,0,3,26
226186,2,0,0,0,0,1,2,0,9,0
227942,0,0,0,0,0,0,0,0,0,1
227945,3,0,0,0,0,0,0,0,1,0
228229,1,1,0,2,0,7,15,0,53,128
228899,1032,3616,4738,5,5644,192,109,4651,262,2874
233316,0,0,0,0,0,0,0,0,1,0
234621,1,0,0,0,29,0,0,0,0,0
235279,0,0,0,0,2,7,1,4,0,0
235559,2,0,0,0,0,0,0,0,0,0
235909,0,3,1,0,2,0,0,0,0,0
237258,0,0,1350,0,0,0,0,1,9,1
240427,0,0,0,0,0,0,0,0,0,1
241244,0,0,1,0,0,0,0,0,0,0
241368,1,0,0,0,0,0,0,0,0,0
242619,0,0,0,0,0,0,0,0,1,0
244366,2,0,0,0,0,0,0,0,0,0
244734,0,0,0,0,0,0,0,0,0,1
246198,2,0,0,0,0,0,0,0,1,0
246201,0,0,0,6,6,0,1,0,0,0
246432,0,0,0,6,2,0,0,1,0,0
246787,100,0,0,1,0,32,11,1,519,0
247480,0,19,19,0,25,2,2,24,1,23
248026,0,0,0,0,0,0,0,0,0,2
248903,0,0,0,0,0,1,0,0,0,0
251221,1,2,0,0,0,0,0,0,0,0
253239,11,2,0,0,0,6,1,2,2,0
253703,0,0,0,0,0,1,0,0,0,0
254758,0,0,0,0,1,0,0,1,0,4
254785,0,1,0,0,12,1,0,0,0,0
254955,1,1,0,0,0,0,1,1,0,0
255247,4,9,4,0,11,1,0,16,0,7
255519,3,0,0,0,0,0,0,0,0,0
257314,2,1,2,1,80,1,4,1,4327,1
257708,0,0,0,0,0,3,0,0,0,0
259536,1,0,0,0,0,0,0,0,0,0
260554,5,14,17,0,35,3,2,20,1,14
260799,0,2,2,1,4,0,0,1,0,0
261299,0,0,0,0,0,0,0,0,3,0
261591,7,33,23,1,30,1,1,13,1,6
262209,0,0,0,0,2,0,0,0,0,0
263913,0,0,1,0,0,0,0,0,0,0
264199,0,0,3,0,0,0,0,0,0,0
264697,1,7,6,0,7,0,0,5,0,2
264731,78,34,0,0,0,86,61,22,3,60
265426,0,0,2,0,1,1,0,2,1,1
266264,1,0,0,1,2,0,1,0,0,4491
267128,0,20,8,0,0,0,1,0,0,15
267363,0,0,0,0,0,1,0,0,2,6
267747,9275,36985,19453,19,22159,26,20,6003,1041,333
269673,0,2,1,0,3,0,0,3,0,1
269798,0,0,0,5,0,0,0,0,1,0
271865,0,0,0,0,0,0,0,28,0,0
272558,80,260,63,0,140,9,5,412,24,218
272562,0,0,0,0,0,1,0,0,0,0
273036,0,0,0,6,2,0,0,0,2,0
273528,35,82,113,0,185,5,2,123,6,77
278148,0,0,0,0,0,1,0,0,0,0
278153,0,0,0,0,0,1,0,0,0,0
279010,0,1,0,0,5,0,0,4,1,1
279808,0,0,0,1,3,1,0,0,9,0
279826,0,1,0,0,2,0,0,1,0,0
280333,0,0,1,2,1,0,0,56,0,1142
281310,1,0,0,0,0,0,0,0,0,0
281362,0,0,1,0,0,0,0,0,0,0
282217,14,18,29,0,0,1,1,0,1,51
282402,2,0,0,0,0,0,1,0,0,1
282459,0,0,0,1,0,0,0,0,0,0
283734,125,371,480,40,691,29,6,470,42,310
283878,0,1,2,0,2,0,0,0,0,0
283942,1,0,0,0,0,0,0,0,0,0
284581,0,0,9,0,0,0,0,0,0,0
285983,1,3,40,0,26,2,0,9,3,5
286636,0,0,1,2,1,0,0,0,0,0
286783,37,0,1,0,2,0,0,1,0,1
287948,239,1,0,1,662,46,2,7635,2,7
288681,0,0,1,0,0,0,0,0,0,1
289380,0,0,0,0,0,0,0,0,10,0
291644,195,1,0,0,0,24,20,1,433,1
291645,64,0,0,0,0,130,12,0,2013,2
292415,0,0,0,0,0,0,0,1,0,0
292459,1,0,0,0,0,1,0,0,0,0
292564,0,0,0,0,0,0,0,1,0,0
292800,10159,20094,5,13,12,11242,5946,18,7783,9
292913,1,250,141,0,3,1,0,0,0,307
293050,0,0,0,0,1,0,0,0,0,0
293387,11,24,21,0,44,1,1,19,2,24
293826,0,0,0,0,0,1,0,0,0,0
294699,473,1515,1611,2,2552,69,48,1882,132,1095
295319,8,0,0,0,0,0,0,0,0,0
295405,421,1,1,1,0,63,55,0,1054,1
296591,0,0,0,0,0,0,0,0,0,1
297352,1,0,0,0,0,0,0,0,0,0
298653,0,0,0,0,2,0,0,0,0,0
298654,0,0,0,0,2,0,0,0,0,0
298656,1,0,0,0,0,0,0,0,0,0
298708,0,1,0,0,912,0,0,0,0,0
299766,5,0,0,0,0,0,0,0,0,0
299767,29,0,0,0,0,0,0,0,0,0
300028,0,0,0,0,3,0,0,0,0,0
300181,1,0,0,0,0,0,0,0,0,0
300267,11,0,0,0,0,0,0,0,0,0
300268,73,0,0,0,0,0,0,0,1,2
300269,1,0,0,0,0,0,0,0,0,0
301105,22,0,0,0,0,0,0,0,0,1
301301,2912,0,3,1,1,2556,1505,220,2288,25
301953,0,0,0,0,0,0,1,0,0,0
302167,0,1,3,0,3,1,0,4,0,0
304207,0,0,0,0,0,0,0,0,2,0
306537,0,16,0,0,0,0,0,0,0,1
307486,0,0,547,3,0,0,0,1,4,73
307643,4,22,37,0,34,0,0,39,0,13
308354,1,0,1,119,41,0,0,0,1,0
310581,0,107,84,1,4,0,0,0,0,125
311182,0,1,0,0,0,0,0,0,1,1
311230,0,0,0,0,0,0,0,0,0,1
313985,0,0,0,0,0,0,0,0,1,0
315749,0,2,3,0,0,0,0,3,0,1
316385,40,0,0,0,0,0,0,0,0,2
316401,1,0,0,0,0,0,0,0,0,0
316407,3,0,0,0,0,0,0,0,0,0
316435,598,0,0,0,2,0,0,1,1,9
317655,0,376,391,0,0,0,0,0,1,297
319501,0,0,0,2,0,0,0,0,0,0
319707,0,0,0,0,7,0,0,0,0,0
321327,0,0,1,0,0,0,0,0,0,0
321983,0,0,0,0,0,0,0,83,1,1
321984,0,1,0,0,0,0,0,475,0,0
322009,0,0,0,0,1,0,0,0,0,0
322095,1,0,0,1,0,0,0,0,3,0
322159,0,0,0,1,0,0,0,0,0,0
323097,0,0,0,0,0,0,0,0,0,2
323273,0,0,0,0,1,0,0,0,0,0
324057,0,0,1,0,0,0,0,0,0,0
324831,2,1,1,0,162,5,0,0,447,0
326425,1,0,0,0,0,0,0,0,2,0
326427,0,0,0,0,0,0,0,0,9,2
328812,0,0,0,0,0,40,27,0,40,1
328813,141,1,0,42,8,267,234,1,102,14
329854,703,1,0,1,0,79,8,0,2501,2
331111,372,0,0,0,2,0,0,0,2,2
331112,262,0,0,0,4,0,0,0,1,6
332101,0,0,0,0,0,0,0,0,0,1
332411,0,0,0,0,0,0,0,1,0,0
333849,0,0,0,1,2,0,0,0,1,4
333966,0,1,0,0,0,0,0,0,1,0
334380,0,0,0,0,1,0,0,0,0,0
334542,1,2,0,0,8,0,0,0,0,0
335406,0,1,0,0,52,0,0,0,0,0
335541,1,0,0,0,0,0,0,0,0,0
336306,63,0,0,0,2,0,0,0,0,0
336810,0,0,0,0,0,0,0,0,1,0
338188,42,0,1,0,0,25,10,1,251,0
338963,0,0,0,0,0,0,0,0,0,1
340146,7,31,14,0,46,1,1,38,3,27
340188,4,0,0,0,0,0,0,0,0,0
340189,1,0,0,0,0,0,0,0,0,0
340268,0,0,0,0,0,0,0,1,0,1
342113,0,0,0,0,0,0,0,0,0,1
342451,0,0,0,6,0,0,0,0,0,0
343403,0,0,0,0,0,1,0,0,6,0
343509,17,0,0,0,2,0,0,0,1,0
344609,7,0,0,0,0,0,0,0,0,0
345219,1,5,240,3,15,2,0,8,0,9
349520,0,0,0,0,0,1,0,0,0,0
349746,1,0,0,0,0,0,0,0,0,0
350688,1,0,0,0,0,0,0,0,2,0
351672,1,0,0,0,0,0,0,0,0,0
352858,0,0,4,2,0,0,0,0,0,0
357276,16,1,0,0,0,135,54,1,47,0
357441,0,0,0,0,0,0,0,0,2,10
357809,11140,1660,5,3,5,4311,3692,5,16,7
358220,0,0,3,0,0,0,0,1,0,3
359110,0,0,0,0,0,1,0,0,0,0
359391,0,0,0,0,0,0,0,13,0,0
360102,20,0,0,0,0,0,0,0,0,0
360911,1,0,3,0,3,0,0,1,0,1
361183,0,1,0,0,0,0,0,0,0,0
361277,6,0,0,1,0,10,1,0,0,0
362663,120,0,0,0,1,0,0,0,1,2
363253,283,0,0,0,0,170,7,0,0,0
363835,0,20,10,0,0,0,0,0,0,17
363952,7,51,60,1,23,2,2,166,4,25
364106,321,0,0,0,2,0,0,0,3,3
365044,0,0,1,0,0,0,0,1,0,0
365046,0,39,0,0,0,0,0,0,0,1
365659,0,0,0,1,0,0,0,0,0,0
367190,1,0,0,0,0,0,0,0,0,0
367825,0,0,0,0,0,0,0,0,0,7
370111,0,0,0,0,0,105,0,0,0,0
371036,203,610,535,2,917,30,20,773,48,492
371601,5115,7,3,2,6,2001,861,4,31732,7
373384,176,0,0,0,3,0,0,0,0,3
373672,0,0,26,0,0,0,0,0,1,0
374606,0,0,0,0,0,46,0,1,0,0
374923,41,0,0,0,1,0,0,0,0,0
375175,0,0,0,1,0,0,0,0,0,0
376175,0,0,1,0,0,0,0,0,0,1
379893,22,0,0,0,0,0,0,0,0,0
379895,0,1,1,0,0,0,0,0,0,0
386490,1,0,0,0,3,0,0,1,0,0
386874,0,7,0,0,39,0,0,0,0,4
387090,15,0,0,1,1,121,96,1,6,3
387344,0,0,0,0,0,1,3,0,7,1
387661,1,0,0,0,0,114,87,0,146,0
388919,14,23,13,13251,2864,114,13,27,232,20
391290,0,7,12,1,18,0,0,7,0,8
391735,0,1,1,0,0,2,1,3,0,2
391953,0,2,0,0,0,0,0,0,0,0
392011,0,0,0,0,0,0,0,0,1,0
392331,0,0,0,0,0,1,0,0,0,0
393765,1,0,0,0,0,0,0,0,0,1
393921,14,0,0,0,0,8,8,0,25,0
394340,3053,0,0,3,0,1346,934,1,289,564
394503,0,0,0,0,0,0,1,0,0,0
395963,0,0,0,0,0,0,0,2,0,0
395965,0,0,0,0,0,0,0,1,0,0
396513,0,0,0,1,0,0,0,0,0,0
398049,1,0,0,0,0,0,0,0,0,0
398511,1,1,2,0,5,0,0,3,0,3
398524,0,0,0,0,0,1,0,3,0,45
398578,193,2347,2560,4,793,94,60,4544,71,619
399497,0,0,0,0,1,0,0,0,0,0
400065,0,0,0,19,11,6,3,0,0,0
402384,0,5,52,0,6,0,0,3,1,4
404405,0,0,0,0,0,0,0,0,0,1
405535,0,0,0,0,1,0,0,2,0,0
405566,0,0,0,0,0,0,0,0,1,0
405955,404,0,0,0,7,0,0,0,1,8
407020,0,0,0,0,24,0,0,0,0,0
410072,1815,1,1,1,1,5375,3426,3,1469,3
411459,241,0,0,0,0,240,155,2,897,0
411468,42,0,0,0,0,22,22,19,1,0
411470,7,0,0,0,0,19,77,3,3,0
411474,51,0,0,2,0,184,115,119,46,11
411477,0,0,0,0,0,19,18,0,24,0
411483,0,0,0,0,0,0,0,3,0,0
411490,515,0,1,0,1,671,424,7,107,56
411903,0,0,0,0,0,7,3,0,1,8
412384,15,50,36,0,74,5,3,49,6,35
412690,0,0,0,0,0,0,0,0,0,1
413497,1,0,0,0,0,0,0,0,0,0
413503,1,0,0,0,0,0,0,0,0,0
413882,0,1,3,0,2,0,0,0,0,3
417203,0,0,0,0,0,0,0,0,0,1
417367,0,2,5,0,3,0,0,1,1,0
417368,0,0,0,0,0,0,0,0,21,7
418702,0,0,0,0,0,0,0,1,0,0
419475,0,0,0,0,0,2,0,15,0,0
420246,12,53,53,0,91,4,2,75,10,27
420662,1,0,0,0,0,0,0,0,0,0
421058,0,0,1,0,0,0,0,0,0,0
421767,0,0,14,0,0,0,0,0,0,0
424717,2,0,0,0,0,0,0,0,0,0
424720,31,0,0,0,1,0,0,0,1,1
424800,0,0,0,0,73,0,0,0,0,0
426117,0,0,0,0,0,0,0,1,0,0
426737,0,0,1,2,0,0,2,0,7,53
428126,0,0,0,0,0,0,0,0,2,0
431946,28,0,0,0,0,0,0,0,0,0
431947,0,0,0,0,0,0,0,0,1,0
433286,1683,42,0,0,1,403,370,3,19,5
433296,1339,0,0,0,0,297,178,0,1371,1
434008,0,1,0,0,0,0,0,0,0,0
434014,0,0,0,0,0,0,0,0,0,1
435590,28,9,0,0,2,379,189,13,55,1
435591,13,0,0,0,0,5,2,0,17,0
435998,1,0,0,0,0,0,0,0,0,0
436515,384,387,840,5,2,3,7,6,46,1535
436663,0,1,2,0,0,0,0,0,0,9
436717,0,0,0,0,0,0,0,15,0,0
438033,2503,11,6,1,6,8025,6023,530,121,440
439334,0,0,0,0,1,0,0,0,0,2
439375,0,2,0,1,2,85,3,11048,1,2
439843,38,0,0,0,0,0,0,0,0,1
439855,13,0,0,0,0,0,0,0,0,0
441156,0,0,0,0,0,0,0,0,0,1
441163,0,0,0,0,0,0,0,0,0,4
444177,3,2,2,3,7,0,0,3,0,7
445709,0,0,0,0,0,0,0,0,0,4
445975,1,0,1,0,0,2,25,0,530,7009
446466,0,0,0,0,0,0,0,0,0,9
446469,0,0,0,0,1,0,0,0,0,4
446470,1,4,0,0,2,0,0,0,1,0
448385,0,0,0,0,1,0,0,0,0,0
449673,0,0,0,0,0,0,0,0,1,0
450367,9,40,149,0,62,4,2,40,2,35
450378,0,0,0,0,21,0,0,0,0,0
451515,0,0,0,0,0,0,0,0,1,0
451709,0,1,1,0,2,0,0,3,0,1
451751,0,0,0,0,0,0,0,0,178,0
451752,0,0,0,0,0,0,0,0,77,0
451876,0,0,0,0,0,0,0,21,0,0
452440,0,0,0,0,0,0,0,1,0,0
452662,0,0,0,0,1,0,0,0,0,0
452863,0,0,0,0,0,0,0,0,1,0
454154,633,172,0,2,0,554,726,455,273,2
454166,2,0,0,0,0,0,0,0,0,0
454169,1,0,0,0,0,0,0,0,0,0
455432,0,8,0,0,1,0,0,0,0,0
457921,0,0,0,0,0,0,0,18,0,0
458233,2,6,5,59,26,1,0,5,1,2
459349,0,0,0,0,0,1,0,0,0,0
459472,0,1,1,0,1,0,0,1,0,1
467262,1443,3446,4886,4,12470,205,165,6781,346,1864
467705,0,0,0,5,355,8,10,0,0,1
469378,40,0,0,0,0,5,4,0,0,0
471852,0,0,0,0,1,0,0,0,0,0
471853,0,0,0,0,461,0,0,0,0,3
471855,2,0,0,0,0,3,0,0,0,24
471875,13934,21,7,4,10,14846,9636,393,1485,84
472569,0,0,0,0,1,0,0,0,0,0
472693,2,0,0,0,0,0,0,0,0,0
474186,0,0,0,0,0,0,2,0,73,404
476272,2748,8,7,2,0,3098,1790,108,334,23
477666,1,1,0,1,0,46,36,0,46,0
478749,10533,2501,16,10,16,21213,17138,11357,682,1899
479437,0,0,0,0,0,0,0,0,0,1
481805,44,0,0,0,1,0,0,0,0,0
483913,2,7,10,0,21,0,1,17,2,9
484770,0,0,0,0,0,0,0,1,0,1
485448,1,0,0,0,0,0,0,0,0,0
485880,0,0,0,0,0,0,0,11,0,0
485898,0,0,0,0,0,0,0,7,0,0
486398,1518,4422,4956,2,10603,245,181,6387,398,2275
486410,0,0,0,0,0,0,0,1,0,2
487173,0,0,0,1,0,0,0,0,0,0
488447,0,0,0,0,0,0,0,0,0,2
489910,0,0,0,4,0,0,0,0,0,0
491077,6,1,3,3,5,3,26,5,9385,7
491915,3,20,16,0,19,1,0,20,0,15
492670,73,295,228,94,495,15,15,377,23,228
496056,0,0,0,0,0,0,2,0,4,0
497965,0,0,5,0,0,0,0,0,0,0
498388,5,0,0,0,0,0,0,0,0,0
499555,1,1,0,0,0,0,0,0,0,0
502558,79,0,0,0,0,7,66,0,0,5
502800,20,0,0,0,0,0,0,0,0,0
504474,0,88,4,0,0,0,0,0,0,0
505682,12,0,0,0,0,0,0,0,0,0
508451,1659,9,18,7,39758,307,446,14,94582,14
511145,7,0,0,0,0,0,0,0,0,1
511691,0,0,0,0,3,0,0,0,0,0
512298,4,0,0,0,0,12,30,3,29,0
512402,0,4,0,0,0,0,0,0,9,0
515393,0,0,0,0,0,3,0,0,0,0
515619,12,1,0,0,0,37,52,13,19,42
515620,23,0,0,0,0,81,65,2,0,0
515622,26,0,0,0,0,21,20,2,24,2
516051,17,3,0,0,0,3,2,0,3,4
516950,0,0,0,3,1,1,0,0,0,0
518636,2615,5,3,3,7,2201,1736,3939,289,9
519472,0,0,0,0,0,0,0,0,1,1
520455,0,0,0,0,0,0,0,17,0,0
521095,0,0,0,0,0,0,0,0,0,6
521096,0,0,0,0,1,0,0,0,0,0
525326,0,0,0,0,2,0,0,0,12,0
525903,0,1,1,0,0,0,0,0,0,0
525919,0,0,0,0,0,11,16,0,0,304
526944,0,0,0,1,0,0,0,0,0,0
529122,0,0,0,0,1,0,0,0,0,0
536056,61,0,0,0,0,0,0,0,1,1
536231,1011,5,2,2,0,6607,6018,14056,42,10
536441,0,0,3,0,0,0,0,0,0,0
537006,11,0,1,0,0,184,162,0,194,0
537007,1863,2,2,0,1,643,375,1,126,1
537011,3,0,0,0,0,0,3,1,0,1
538949,3989,8,8,35299,5611,1498,1500,7,3537,214
539262,0,0,0,0,0,0,0,1,0,0
544645,20,0,0,0,0,0,3,1,15,28
545501,22,12,18,0,28,1,2,14,2,10
548473,0,0,0,1,7,0,0,0,2,0
548476,0,0,27,0,0,0,0,0,0,1
552526,0,0,0,1,188,10,9,0,0,0
553199,20,33,36,0,57,0,0,6,1,1
553814,0,0,1,0,0,0,0,0,0,0
553973,330,0,0,0,2,388,294,72,110,58
553982,0,0,0,0,0,0,1,0,0,0
556054,0,0,0,0,0,1,0,0,0,0
556259,0,0,0,0,0,0,0,0,1,0
556269,0,0,0,0,0,0,0,3,0,0
556499,0,0,1,0,0,0,0,1,0,0
556533,0,0,0,0,0,0,0,7,0,0
557433,0,0,1,0,0,1,0,0,222,0
557436,0,0,0,1,0,0,0,0,137,0
557724,0,0,0,2,0,0,0,0,0,3
558152,0,0,1,0,0,0,0,0,1,0
558173,0,0,0,0,0,0,0,0,0,1
558537,24,228,254,0,84,18,7,4775,7,86
561061,0,0,0,0,0,0,7,0,10,0
561879,1,4,4,0,15,2,0,4,0,6
563169,0,0,1,0,2,0,0,1,0,0
563996,1,0,1,0,772,1,0,0,0,0
565651,0,0,3,0,0,1,13,1,699,3837
565655,0,0,0,0,0,0,0,0,2,0
566027,0,0,0,0,2,0,0,0,0,0
568206,0,0,1,1,0,0,0,0,0,1
568768,4,0,0,0,0,0,0,0,0,0
570278,118,419,334,2,683,13,12,508,22,244
570416,0,1,2,0,1,0,0,1,0,1
571256,0,0,0,0,0,0,0,2,0,0
572264,11,41,37,0,67,4,4,40,4,27
573059,129,0,0,0,0,35,4,0,0,0
573235,12,0,0,0,0,0,0,0,0,1
573501,1,0,0,0,0,0,0,0,0,0
574521,5,0,0,0,0,0,0,0,0,0
574650,0,0,0,0,39,0,0,0,0,0
575614,356,89,1,2,3,396,290,60,15,196
580165,2,3,4,1,8,0,0,4,0,0
580327,72,0,0,0,1,135,103,1,7,7
580332,1,0,2,0,0,0,0,0,0,1
585035,69,0,0,0,0,0,0,0,1,0
585054,2,0,0,0,0,0,0,0,0,0
585055,3,0,0,0,0,0,0,0,0,0
585395,2,0,0,0,0,0,0,0,0,1
585396,5,0,0,0,0,0,0,0,0,0
585529,0,0,1166,0,1,0,0,0,0,1
586733,0,0,0,77,15,0,0,0,0,0
589865,0,0,0,0,0,3,1,0,3,0
590998,0,0,0,0,3,0,0,0,0,0
591001,1,9,4,0,10,0,0,2,0,1
591020,78,0,0,0,0,0,0,0,0,0
591365,0,0,0,7,1,1,0,0,0,0
592022,0,0,1,0,0,0,0,0,0,0
592029,0,0,0,1,0,0,0,0,0,0
592316,19,0,0,0,0,0,0,0,0,0
593905,1,0,0,0,0,0,0,0,0,0
593907,0,0,0,0,3,0,0,0,0,0
595495,65,0,0,0,0,0,0,0,4,1
595496,16,0,0,0,0,0,0,0,0,0
595537,6796,7414,18600,14,7,6,44,15,644,28145
596154,0,0,2,0,0,0,0,1,0,0
610130,4186,12,5,3,7,5132,5038,1776,504,7
617123,795,113,1,4,4,3158,2279,10,236,6
621456,2,1,0,0,1,0,0,0,0,0
626774,2,0,0,0,0,0,0,0,0,0
626932,68,0,0,0,0,4,4,0,27,1
626937,1,0,0,0,0,0,0,0,0,0
627192,0,0,0,0,8,0,0,0,0,0
631220,14,0,0,0,0,8,3,0,12,0
632772,0,1,0,0,0,0,0,0,0,0
633147,1,1,0,1,0,2,46,2,749,10166
633404,1,3,7,0,1,0,0,10,0,5
633699,52,18,24,14,7606,21,25,25,184339,18
633807,0,0,0,9,2,0,0,0,0,5
634121,1,0,0,0,0,0,0,0,0,0
634956,0,0,1,0,1,0,0,0,0,1
635013,0,0,0,0,0,0,0,1,0,0
637380,4,15,5,1,14,1,1,11,1,6
637909,0,0,0,17,6,0,0,0,0,0
638301,1,12,3,2,12,0,0,7,57,7
640131,19,0,0,0,0,0,0,0,0,0
640132,0,0,0,0,2,0,0,0,0,1
642492,0,0,0,0,0,0,2,1,0,0
643214,1,0,1,1260,154,4,5,2,0,0
643562,1,0,0,0,0,0,0,0,0,0
643674,0,0,1,0,0,0,0,1,0,0
645463,0,0,0,0,0,0,0,0,1,0
645657,0,0,0,0,1,0,0,0,0,0
645991,3,10,0,0,2,0,0,3,0,1
649639,0,0,0,0,1,0,0,16,0,0
649754,0,11,27,0,0,0,1,0,0,2
649756,4245,331,3,2,4,8359,6446,3031,619,1178
649757,22,0,0,0,0,59,39,0,3,0
651561,0,0,1,0,0,0,0,0,0,0
653931,0,3,0,0,5,0,0,0,0,1
655813,0,0,0,1,2,0,0,0,0,0
655815,0,0,0,0,0,4,0,0,6,1
655816,0,6,5,0,10,0,0,4,1,6
655817,93,0,0,0,1,0,0,0,0,1
656179,0,0,0,0,0,0,0,0,0,1
658172,0,0,0,0,0,0,0,0,0,1
658630,0,0,0,0,0,0,0,4,0,0
659243,1,4,7,1,15,0,1,7,0,6
660596,4,0,0,0,0,0,0,0,0,0
662755,0,5,6,0,0,0,0,0,0,0
663951,0,0,0,0,1,0,0,0,3,0
664962,0,0,0,0,1,0,0,0,0,0
665099,122,380,710,1,776,27,16,552,44,304
665914,11,0,0,0,0,0,0,0,0,0
666681,5,0,0,0,0,0,0,0,0,0
666686,0,0,946,0,0,0,0,0,0,0
667015,2,0,0,0,0,8,3,0,1,0
671077,0,0,0,0,0,0,0,2,1,0
674529,474,0,1,0,0,357,136,0,4446,2
675281,0,0,0,0,0,124,0,0,0,0
678932,1,0,0,0,2,0,0,0,0,0
679190,727,3,0,0,1,3,8,0,1,2
679897,1,0,0,0,0,0,0,3,0,0
679935,1594,0,3,1081,197,66,95,0,247,3
681288,0,0,0,1,0,0,0,0,1,0
682634,1,0,0,0,0,0,0,0,0,0
683042,0,1,0,0,0,0,0,0,0,0
684066,0,0,0,0,15,1,0,0,0,0
685038,7,0,0,0,0,0,0,0,0,0
690566,0,0,0,0,0,0,0,0,0,1
692370,0,0,0,0,0,0,0,0,0,2
692420,0,0,0,0,1,0,0,0,0,0
693978,0,0,1,0,0,0,0,0,0,0
693979,106,1,0,1,1,54,47,25,109,1
693982,0,0,0,0,0,1,0,0,0,0
694427,0,0,0,6,2,1,2,0,8,0
695562,1,0,0,0,0,0,0,0,3,0
696216,0,0,0,0,0,1,0,0,0,0
696406,5,0,0,0,0,0,0,0,0,1
697284,0,0,5,0,0,0,0,2,1,0
697329,1908,1,2,1,0,334,532,0,733,62
698737,0,0,0,16,6,0,0,0,0,0
698758,7,29,27,0,39,3,1,18,4,21
698936,0,0,0,0,0,5,0,1,0,0
698965,0,2,1,0,2,1,0,1,0,1
698973,0,0,0,0,1,0,0,0,0,0
699033,0,0,0,0,0,0,0,0,1,0
699035,0,0,0,0,0,0,0,0,1,0
699186,0,0,0,0,0,0,0,0,22,86
700015,0,0,0,0,0,2,1,0,2,133
701177,4,0,0,0,0,0,0,0,0,0
701347,3,0,0,0,0,0,0,0,0,0
702113,0,4,2,0,0,0,0,0,0,8
702114,1,0,0,0,0,0,0,0,0,0
702439,0,0,0,0,0,2,0,0,0,0
702967,0,0,0,0,0,0,0,0,0,27
706191,1,0,0,0,0,0,0,0,0,0
708126,0,1,0,0,0,0,0,0,0,0
709991,5417,5,7,2,8,432,582,10,10116,62982
710685,0,1,0,0,1,0,0,0,0,0
710696,0,0,0,0,1,0,0,0,0,0
712036,1,0,0,0,0,0,0,0,0,0
712157,0,0,0,0,0,0,0,0,0,1
712411,1,0,1,0,2,2,44,0,929,11575
712538,0,0,0,0,0,0,0,1,0,0
712623,1,0,1,2129,473,27,4,1,58,3
712633,0,1,0,390,99,1,1,0,5,0
712710,6,0,0,0,1,15,20,0,41,1
713030,0,1,0,0,2,0,0,0,0,0
714359,0,1,1,0,1,0,0,0,0,0
714962,243,0,0,0,1,0,0,0,1,3
716541,1,0,0,0,0,0,0,0,0,0
717231,2,0,0,0,0,0,0,0,0,0
717605,0,1,0,0,0,0,0,0,0,0
717959,411,17,18,51189,9772,835,1039,29,2756,184
720554,2,0,0,0,0,0,0,0,1,0
742013,110,1324,1687,2,486,63,46,2707,43,377
742725,5,0,0,1,0,3,0,0,1,0
742737,3452,4,0,1,2,1729,1310,2015,154,128
743299,3,0,0,0,0,0,0,0,0,0
745156,405,0,0,0,2,0,0,0,1,7
745310,0,0,0,0,1,0,0,0,0,0
748678,16,0,0,0,0,0,0,0,0,0
752555,2,0,0,0,0,6,11,1,0,0
755731,7,0,0,0,0,0,0,0,0,1
756892,0,0,0,0,0,0,0,6,0,0
758826,1,0,0,0,1,0,2,1,0,1
758831,64,0,0,0,1,0,0,0,0,3
760570,0,0,1,41,1,1,0,0,0,0
762376,29,20,0,0,0,0,0,175,4,0
762833,0,0,0,40,0,92,95,0,374,803
762903,0,0,0,0,0,0,0,0,0,1
762982,409,125,0,2,2,186,175,191,174,59
767031,300,82,0,1,0,267,156,64,3,159
767452,0,1,0,0,0,0,0,0,0,0
767462,2,0,0,0,0,0,0,0,8,0
767463,0,0,22,12,0,1,1,1,1,0
768486,5,22,28,0,43,3,1,27,1,24
768704,0,0,0,0,0,1,0,0,0,0
795665,0,2,1,0,0,0,0,4,0,2
796606,89,308,368,14,517,18,9,382,33,201
857087,2,0,0,0,0,0,0,0,0,0
857252,0,0,0,0,0,0,0,448,0,1
857417,0,0,0,0,6,0,0,0,0,0
858215,1,0,0,0,0,0,0,0,0,0
858307,8,0,0,0,0,0,0,0,0,0
858619,0,2,1,0,0,0,0,0,0,0
859143,0,0,18,0,0,0,0,0,0,0
859144,0,0,3,0,1,0,0,0,0,1
860235,0,0,0,0,1,0,0,0,0,0
861109,0,0,0,0,12,0,0,0,0,0
862719,0,1,0,0,0,0,0,0,0,0
862962,1,0,0,0,0,0,3,0,0,0
862966,0,0,0,8,4,0,0,0,0,0
862967,0,0,0,0,1,0,0,0,0,0
862969,0,0,0,18,2,0,0,0,0,0
862971,0,0,0,0,6,0,0,0,0,0
864828,0,0,0,0,0,0,0,224,0,0
866768,7,0,0,0,1,0,0,0,0,0
866786,0,0,1,0,0,0,0,1,0,0
867595,0,0,0,0,0,0,1,0,2,0
869269,0,0,0,11,3,0,0,0,0,0
869307,0,0,0,6,14,1,3,0,0,0
869311,0,0,0,1,0,0,0,0,0,0
869729,59,0,0,0,0,0,0,0,0,0
869816,0,0,0,0,0,0,0,0,1,0
871742,0,0,0,0,0,0,1,213,0,1
878220,0,0,12,0,0,0,0,0,0,0
879088,0,1,1,0,2,0,0,0,0,0
879243,0,0,0,0,0,2,1,0,5,0
879274,0,0,0,0,0,0,0,2,0,0
879970,1,0,0,0,0,6,0,2,1,0
880074,42,0,0,0,1,243,152,1,27,2
880633,16,0,0,0,5,0,0,0,76,0
881260,28,0,0,0,0,0,0,0,0,0
881621,0,1,2,0,1,0,0,3,0,1
885275,2592,1,1,0,25,1,2,0,12,30
887898,0,0,0,2,0,0,0,2,2,30
889201,0,0,0,228,53,1,0,0,1,4
889453,109,24,0,2,0,276,116,1,95,4
903503,1,0,0,0,0,0,0,0,0,0
908937,2435,508,3,2,1,1606,1026,281,41,646
909952,692,2754,1576,2,1880,3,3,493,72,52
909954,2,1,1,1,161,0,2,0,2321,0
913070,11,0,0,0,0,0,0,0,0,1
913848,0,0,0,0,1,0,0,0,0,0
926034,4,0,0,0,0,0,0,0,0,0
926562,0,0,0,0,0,0,0,0,1,0
927083,0,1,0,0,214,0,0,0,0,2
927666,0,0,2,0,2,0,0,0,0,1
930406,24,0,0,0,0,0,0,0,0,1
930972,0,0,0,0,1,0,0,0,0,0
931099,1,0,0,0,0,0,0,0,1,0
931626,0,0,0,0,1,0,0,0,0,0
935199,0,9,1,0,0,0,0,0,0,0
936156,1,2,1,0,4,0,0,0,0,0
938141,12,0,0,0,0,0,0,0,0,0
941189,7,0,0,0,0,0,0,0,0,0
941280,26,1,0,0,0,0,0,0,0,0
941322,487,0,0,0,2,0,0,0,4,7
941323,53,0,0,0,1,0,0,0,0,1
941639,0,0,8,0,1,0,0,0,0,0
945704,0,0,0,17,3,0,0,0,2,0
945711,0,0,0,0,0,0,0,0,0,1
945713,1,0,0,0,0,3,4,0,0,0
945844,0,0,0,0,0,0,0,728,0,0
946435,0,0,0,10,1,0,0,9,0,0
956149,11,0,0,0,1,0,0,0,0,0
981540,0,0,0,1,4559,184,179,0,1,2
983917,0,0,0,0,0,0,0,0,0,1
984237,8,0,0,0,0,0,0,0,0,0
984307,0,0,0,0,0,0,0,0,0,1
985002,0,0,1,33,10,0,0,0,1,0
985006,0,0,0,3,2,0,0,0,0,0
985762,0,0,0,1,2,0,0,0,1,0
986075,0,1,0,0,0,0,0,2,0,0
991789,149,1,1,3,3,253,212,33,8056,79
991915,29,0,0,0,1,0,0,0,0,0
994476,26,0,0,0,0,1,0,0,0,0
996558,8413,31122,31814,110,46725,2027,1303,36858,2775,24571
997873,451,0,0,0,0,233,63,0,2538,0
997877,2,1,0,0,0,64,24,0,1,0
997879,0,0,0,0,0,0,0,0,1,0
997890,31,0,0,0,0,12,6,2,36,0
999416,229,1,0,1,0,115,75,0,184,15
1001582,0,0,0,1,0,0,0,0,0,0
1001989,219,0,0,0,3,0,0,0,0,2
1002689,0,0,0,0,0,0,4,0,0,0
1002809,2,6,13,5,22,2,0,7,1,14
1003239,4,15,6,6,15,0,0,9,5,7
1004951,0,0,0,0,30,0,0,0,0,0
1004952,1,0,0,121,24,0,1,0,3,0
1005042,0,0,0,1,0,0,0,1,0,0
1005048,0,0,0,0,0,0,0,2,0,0
1006007,0,1,0,0,0,0,0,0,0,0
1006543,0,0,0,0,1,0,0,0,0,0
1006598,1,0,0,0,0,0,0,0,0,0
1007064,0,0,0,3,1,0,0,0,0,0
1008297,65,0,1,0,2,0,0,0,2,0
1008459,0,0,0,0,0,0,0,1,0,0
1029756,0,0,0,0,0,0,0,1,0,0
1029825,0,0,0,0,0,0,0,4,0,0
1029978,11,0,0,0,1,0,0,0,0,0
1029997,4,0,0,0,0,0,0,0,0,0
1030843,0,0,0,0,0,12,3,0,2,0
1032480,1,1,2,0,2,1,0,1,1,7599
1033732,191,45,45,223629,39800,630,560,48,3992,1197
1034809,0,0,0,5,2,0,0,0,0,0
1034836,1,2,4,5,2,0,0,5,0,2
1035377,18,0,0,0,0,0,0,0,0,0
1037409,0,0,0,0,0,0,0,0,0,1
1038856,0,3,4,0,5,0,0,0,0,0
1038927,35,0,0,0,0,0,0,0,1,1
1041138,0,0,0,0,0,0,0,3,0,0
1041504,1,0,0,0,0,0,0,0,0,0
1042156,10094,2412,4,3,7,5796,4580,281,77,103
1045010,5,0,0,0,0,0,0,0,4,0
1045317,0,2,0,0,41,0,0,0,0,0
1046629,0,0,10,0,0,0,0,0,0,0
1048254,4,0,0,0,0,0,0,0,0,0
1048689,2,0,0,0,0,0,0,0,0,0
1048834,0,0,0,0,2,0,0,0,0,0
1051074,0,0,13,1,0,0,0,1,0,0
1051973,52,1,0,1,974,0,0,1,1,2
1054460,0,0,0,1,0,0,0,0,0,0
1055533,59,0,0,0,1,0,0,0,1,0
1055534,1,0,0,0,0,0,0,0,0,0
1055540,62,0,0,0,1,0,0,0,0,1
1055541,30,0,0,0,0,0,0,0,2,0
1055543,9,0,0,0,0,0,0,0,0,0
1055544,2,0,0,0,0,0,0,0,0,0
1055545,32,0,0,0,0,0,0,0,0,1
1069534,1,3,3,0,4,1,0,3,1,5
1071078,14,63,14,0,27,2,0,78,7,48
1071080,0,0,82,0,2,0,0,3,0,0
1071400,0,0,0,0,0,0,1,0,1,3
1072459,137,0,0,0,1,0,0,0,0,2
1072685,0,0,0,0,0,0,0,0,1,11
1073999,11,0,0,0,0,0,0,0,0,1
1074000,1,0,0,0,0,0,0,0,0,0
1074919,0,0,0,2,2,0,0,0,0,0
1076626,1,0,0,0,0,0,0,0,0,0
1076934,0,0,0,2,65,2,2,0,0,0
1077085,44,0,0,0,0,0,0,0,0,0
1077464,0,0,3,2,0,0,0,0,0,0
1078021,1,0,0,0,0,0,0,0,0,0
1078471,0,33,0,0,0,0,0,0,0,0
1081940,0,0,0,0,0,0,0,30,0,0
1082851,0,1,0,0,0,0,0,0,0,1
1088721,0,0,1,0,0,0,0,0,0,0
1091041,0,0,1,0,0,0,0,0,0,0
1091045,9336,44109,35526,9,65937,381,20,18300,434,77
1091494,2,0,0,0,0,0,0,0,0,0
1094466,0,0,1,0,0,0,0,0,0,0
1099853,4,0,1,0,0,93,56,0,13,1
1104322,1,0,1,0,2,0,0,3,1,1
1111068,0,0,0,0,1,0,1,2,0,3
1111760,0,0,0,0,3,0,0,0,0,0
1112204,0,1,0,0,0,0,0,0,0,0
1114965,0,0,0,17,24,1,1,0,1,0
1114966,3110,2109,3223,7,1447,6,3,380,47,15655
1114969,190,681,449,0,477,3,0,129,17,202
1116391,0,0,0,0,0,0,0,1,0,0
1117645,0,0,1,0,0,0,0,0,42,1
1118959,0,0,0,1,1,0,0,0,0,0
1121088,0,0,46,0,3,0,0,0,0,0
1121114,1473,23,3,1,2,912,672,274,96,2
1121115,985,5,1,0,0,1403,931,16,251,9
1121126,0,0,3,0,0,0,0,0,0,0
1121315,0,0,0,0,0,0,0,0,1,0
1121353,0,1,0,0,0,0,0,0,0,0
1121364,0,3,0,0,0,0,0,0,17,0
1122214,0,0,0,0,0,0,0,1,0,0
1122984,1,0,0,0,0,0,0,0,0,0
1122995,10236,41338,19121,17,23963,21,17,5459,1067,196
1123269,0,0,0,1,288,0,0,0,0,0
1124835,0,0,2,0,0,0,0,0,3,0
1125847,0,0,0,0,0,0,0,2,0,0
1127472,0,0,0,0,0,1,0,0,0,0
1128398,1,0,0,0,0,0,0,0,0,0
1130798,0,0,0,0,0,0,0,0,4,0
1133546,0,0,1,0,0,0,0,0,0,0
1133852,22,0,0,0,1,0,0,0,0,0
1133853,59,0,0,1,2,0,0,0,1,0
1134435,0,0,0,0,0,0,0,0,1,9
1134454,25,116,50,0,78,0,0,20,3,6
1134687,23,0,0,0,0,0,0,0,0,2
1134782,17,0,0,0,3,0,0,0,0,0
1138452,0,2,1,2,2,0,0,4,0,0
1138587,0,0,0,0,156,0,0,0,0,0
1138822,0,0,0,0,0,0,0,0,3,9
1141883,0,0,0,20,0,4,1,6,50,502
1144307,0,0,0,0,3,0,0,0,0,0
1146883,0,0,0,0,3,0,0,0,0,0
1150601,0,0,0,0,0,0,0,12,0,0
1156431,1,1,0,2214,504,20,0,0,35,1
1157365,0,0,0,0,0,0,0,0,21,65
1158459,2,0,0,0,0,0,0,0,0,0
1159327,0,0,0,0,1,0,0,0,0,0
1159613,15,0,0,0,0,0,0,0,0,1
1160717,6,0,0,0,0,0,0,0,0,0
1160721,36,0,0,0,0,313,409,2213,83,11
1160769,2,0,0,0,0,0,0,0,0,0
1161911,1,0,0,0,1,0,0,0,0,0
1163398,0,0,0,0,0,0,0,2,0,0
1166130,5,0,0,0,0,0,0,0,0,0
1168034,0,0,0,0,0,0,1,0,0,3
1170318,0,65,3,0,41,0,0,2,0,0
1171373,0,1,0,0,0,0,0,0,0,0
1173022,1,0,0,0,0,0,0,0,0,0
1173263,0,0,0,0,0,0,0,0,1,0
1173427,12,0,0,0,0,0,0,0,0,1
1176536,1,0,0,0,0,0,0,0,0,0
1176646,0,0,0,0,213,0,0,0,0,1
1177211,1,0,0,1,0,1,1,0,1,25
1177213,0,0,0,0,0,0,0,0,0,3
1177574,467,29,1,1,2,150,99,25,2,89
1178515,0,0,0,0,1,0,0,0,0,0
1182177,0,0,0,0,0,0,0,0,0,1
1183438,129,65,0,1,0,89,63,13,0,0
1185412,3,0,0,0,0,0,2,0,1,0
1185653,12,36,40,0,70,2,0,51,2,26
1188319,0,0,0,0,9,0,0,0,0,0
1190508,0,0,6,0,0,0,0,0,0,1
1192196,3,2,7,1,8,0,0,9,0,6
1192197,0,0,1,0,0,0,0,1,0,2
1193499,0,0,0,0,0,0,0,1,0,0
1193713,0,2,28,0,2,0,0,2,0,1
1194154,4,0,0,0,0,0,0,0,0,0
1194971,0,0,0,0,0,0,0,0,2,4
1196031,4,21,14,0,19,1,1,14,2,13
1197719,21,0,0,0,0,0,0,0,0,0
1201292,0,0,0,0,0,1,1,0,67,388
1203670,0,0,0,3,0,0,0,0,0,0
1206105,9,7,4,7,4,6,12,3,6919,45495
1207470,0,0,0,1,0,0,0,0,0,0
1207504,0,0,0,0,1,0,0,0,0,0
1208658,0,0,0,0,0,0,0,1,0,0
1211579,0,0,0,0,0,0,0,2,0,0
1211813,33,0,0,1,0,143,73,0,279,0
1213182,0,1,0,0,1,0,0,0,1,1
1214604,0,0,0,1,0,50,42,231,7,1
1215089,2,18,7,2,11,0,1,9,1,8
1215343,0,0,0,0,0,0,0,1,0,0
1217282,1,0,0,0,0,358,266,1,451,2
1218315,0,0,0,0,0,0,0,1,0,0
1219032,0,0,1,0,0,1,0,1,0,0
1219058,0,2,2,0,6,0,0,0,0,0
1221500,0,0,0,0,1,0,0,0,0,0
1223503,0,11,9,0,20,3,0,14,2,15
1223802,0,0,0,0,0,0,0,0,0,1
1224162,0,3,5,0,2,0,0,1,0,1
1224163,0,1,1,0,2,0,0,0,0,2
1224164,1,4,6,0,3,0,0,1,0,0
1225128,0,0,0,0,0,1,0,0,0,0
1225197,0,0,0,0,4,0,0,0,0,0
1225522,1,0,0,0,0,0,0,0,0,0
1225788,4,3,4,0,11,0,0,2,1,4
1228997,0,0,3,0,0,0,0,0,0,0
1229492,0,0,0,2,0,0,0,0,0,0
1229621,1061,8,0,1,0,1317,1061,1380,42,18
1229758,2,0,0,0,0,0,3,0,0,0
1230341,3,0,2,0,2,0,0,1,0,0
1231072,115,0,1,0,0,21,18,2,3,0
1232427,0,0,0,0,0,0,0,0,0,1
1232430,0,0,0,1,0,0,0,0,0,0
1234378,2,0,0,0,0,0,0,0,0,0
1234679,18,73,144,9,112,4,5,126,6,51
1234680,0,0,0,116,20,0,0,0,2,0
1234841,1,0,0,0,0,1,0,0,0,5
1235801,0,0,0,29,1,296,293,0,223,331
1235834,2,0,0,0,0,0,0,0,0,0
1235990,1,0,0,0,0,0,0,0,0,0
1236517,15,0,0,0,0,1,0,1,0,0
1236518,112,13,0,0,0,99,72,22,0,44
1241583,0,0,0,0,0,0,0,0,0,1
1241978,0,0,36,0,0,0,0,0,0,0
1242088,2,0,0,0,0,0,0,0,0,0
1242094,3,0,0,0,0,0,0,0,0,0
1242098,1,0,0,0,0,0,0,0,0,0
1242106,6,0,0,0,0,0,0,0,0,0
1242107,1,0,0,0,0,0,0,0,0,1
1242108,9,0,0,0,0,0,0,0,0,0
1243007,0,0,0,0,0,6,4,0,6,0
1243586,12,0,0,0,0,0,0,0,1,1
1243612,1,0,0,0,0,0,0,0,0,0
1243620,6,0,0,0,0,0,0,0,0,0
1243621,18,0,0,0,0,0,0,0,0,0
1246301,2,4,6,0,0,0,0,0,1,11
1246626,3,15,13,0,18,1,0,12,1,5
1248823,146,0,0,0,1,0,0,0,1,1
1249471,0,0,0,1,0,0,0,0,0,0
1249659,0,0,0,0,0,0,1,0,0,3
1249663,0,0,0,0,0,0,0,0,0,2
1254432,0,0,0,0,4,0,0,0,0,0
1259844,0,0,0,0,0,0,0,8,0,0
1259973,17,0,0,0,0,0,0,0,0,1
1261127,1,0,0,0,0,0,0,0,0,0
1261557,0,0,0,0,0,0,3,0,81,398
1261634,4453,1464,1,4,4,6929,5214,2507,41,1686
1261635,587,0,2,1,2,3786,3107,4,170,2
1265350,1,0,0,0,0,0,0,0,0,0
1265445,0,0,16,0,0,0,0,0,0,0
1266052,13,0,0,0,0,0,0,0,0,1
1266845,75,258,154,2,307,24,10,322,28,183
1266925,0,0,0,0,1,0,0,0,0,0
1267217,0,0,0,0,0,0,0,1,0,0
1267754,0,21,1,0,0,0,0,0,0,0
1271752,0,0,1,0,0,0,0,0,0,0
1271863,1,0,0,0,0,0,0,0,0,0
1274814,1,0,0,0,0,0,0,0,0,0
1275962,0,0,0,0,0,0,0,1,0,0
1276282,0,0,0,26,4,0,0,0,1,0
1276648,200,722,416,0,467,0,0,135,16,20
1277257,0,0,0,0,0,0,0,0,0,1
1278232,1,0,0,0,0,3,1,12,1,0
1279365,17,40,61,0,63,6,0,50,6,24
1283291,0,0,0,0,0,0,0,4,0,0
1285192,0,0,0,0,1,0,0,0,0,0
1285583,0,0,29,0,0,0,0,0,0,0
1285901,0,1,0,0,0,0,0,0,0,0
1286170,1,0,0,0,0,0,0,0,0,0
1286171,1,0,0,0,0,1,4,1,1,0
1286181,0,0,1,0,0,0,0,0,0,0
1287066,0,0,0,0,2,0,4,0,168,1075
1287640,0,0,0,1,0,0,1,0,0,175
1287736,159,597,0,0,0,1,0,2100,95,0
1288121,0,0,0,1,0,0,0,0,0,0
1288495,0,0,0,0,0,0,0,1,0,0
1292358,0,1,1,0,7,0,0,1,0,2
1292359,0,0,0,0,0,0,0,0,1,0
1296536,40,0,0,0,0,0,0,1,1,0
1296669,0,1,0,0,0,0,0,1,0,0
1297617,8501,10655,6,7,10,4219,4273,6,1658,8
1300150,0,0,0,0,0,0,0,0,1,4
1302308,7,1,0,0,242,0,0,0,0,0
1302650,0,1,0,0,1,0,0,0,0,0
1302659,419,1223,1342,1,2084,67,34,1484,109,997
1302863,0,0,0,13,4,1,0,0,0,0
1303590,0,0,0,0,0,3,2,0,3,3
1303681,0,0,0,0,0,0,0,0,0,1
1306421,0,0,0,2,0,0,0,0,1,4
1307832,99,0,0,0,0,76,63,1,208,9
1307839,2,0,0,0,0,0,1,0,0,0
1309807,0,5,5,6,8,1,3,3,0,5
1315974,0,0,0,0,2,0,0,0,0,1
1318634,0,0,0,0,0,0,0,1,0,0
1322345,402,0,0,0,0,0,0,0,4,4
1323664,0,2,0,0,0,0,0,0,0,3
1324352,0,0,1,0,0,0,0,0,0,0
1324864,8,0,0,0,0,0,0,0,0,0
1327635,0,0,0,0,4,0,0,0,0,0
1328324,4,0,0,0,0,0,0,0,0,0
1328859,107,0,0,0,0,0,0,0,2,2
1329907,2,0,0,0,1,0,0,0,0,0
1330457,95,0,0,0,2,0,0,0,0,1
1331671,0,0,0,0,0,0,0,1,0,0
1333996,0,0,0,0,0,0,0,3,0,0
1335307,0,0,0,0,0,0,0,0,0,1
1335613,938,0,0,0,0,571,430,1,26,278
1335916,25,0,0,0,0,0,0,0,1,0
1338518,0,0,0,0,1,0,0,2,0,1
1338689,0,0,0,0,0,0,0,16,0,0
1340495,0,0,0,0,0,0,1,0,2023,1
1340847,0,0,0,22,2,1,0,0,0,0
1343064,0,0,0,0,1,0,0,0,0,0
1344042,0,0,0,10,4,0,0,0,0,14
1345704,40,0,0,0,1,0,0,0,0,0
1346611,0,0,0,0,0,1,0,0,0,0
1348660,2,0,0,0,0,0,0,0,1,0
1348662,0,0,0,0,0,0,0,0,0,3
1349754,0,0,2,0,0,0,0,0,0,1
1353243,0,0,0,1,0,0,0,0,0,0
1353891,1,0,0,0,0,0,0,3,0,0
1355015,0,0,0,0,1,0,0,0,0,0
1355100,3,0,0,0,0,0,0,0,0,0
1355101,167,0,0,0,1,0,0,0,0,2
1355477,0,0,0,0,0,0,0,0,0,10
1357916,0,6,11,0,0,0,0,0,0,5
1358027,2,4,2,2,4,3,16,2,14092,2
1358422,1,0,0,0,0,0,0,0,0,0
1365186,1,0,0,0,0,0,0,0,0,0
1367477,4,5,8,0,21,1,0,13,1,6
1379690,3857,3,1,1,1,898,453,1,13280,3
1379858,602,4,1,3,0,166,132,1,104,353
1380360,0,0,0,0,44,0,1,0,140,0
1380685,1,0,0,0,1,0,0,1,0,0
1380773,0,0,0,2,2,0,0,0,0,0
1381118,3324,1,0,1,0,0,0,0,0,0
1382700,25,0,0,0,0,0,0,0,0,0
1382924,0,0,0,0,0,0,0,1,0,0
1384484,150,0,1,0,0,217,129,1,16,50
1385591,0,0,0,0,0,0,0,0,0,5
1385727,2,10,3,1,6,4,0,9,0,7
1389020,0,2,0,0,0,0,0,0,0,0
1389922,2,1,0,0,0,0,0,5,0,0
1390395,0,0,0,0,9,0,0,0,0,0
1391654,0,0,0,0,235,0,0,0,0,0
1392005,0,0,0,0,0,0,0,0,0,1
1392476,2,0,0,56,4,0,1,0,0,0
1392854,333,1,0,0,3,0,0,0,1,3
1395951,0,0,0,0,0,2,0,0,0,0
1397264,0,0,0,0,1,0,0,0,0,0
1399047,1,0,0,0,0,0,0,0,0,0
1401254,1,0,0,0,0,0,0,0,0,0
1401688,23,0,0,0,1,0,0,0,0,1
1402861,523,1754,2033,5,3563,115,67,2196,171,1392
1403336,2,0,0,0,0,0,0,0,4,0
1403831,6,0,0,0,0,0,0,0,0,0
1404245,0,0,0,0,0,0,0,0,0,5
1404367,0,0,0,0,0,0,0,0,0,12
1404411,0,0,0,0,1,0,0,102,1,2212
1404768,0,0,0,0,0,0,0,0,0,2
1407053,0,0,0,0,0,0,0,1,0,0
1410916,5,0,0,0,0,0,0,0,0,0
1412470,2,0,0,0,0,0,0,0,0,0
1413214,0,0,0,0,0,0,0,0,1,0
1414719,0,0,0,0,0,0,0,0,0,3
1415167,0,1,0,0,1,0,0,0,0,0
1415784,0,0,1,0,0,0,0,0,0,0
1416627,9,0,0,0,1,0,0,0,0,0
1416779,0,0,423,0,1,0,0,0,282,0
1416806,0,1,0,0,0,0,0,0,0,0
1417985,2,2,3,0,10,0,0,4,0,4
1419277,0,0,0,0,0,0,0,0,0,42
1423143,0,0,0,2,0,0,0,1,0,1
1423721,0,0,0,0,0,1,1,0,3,4
1423833,0,0,0,0,0,0,1,0,1,1
1424294,0,0,0,0,0,0,0,0,8,0
1428684,19,55,44,2,90,5,2,204,2,41
1429244,0,0,0,0,1,0,0,0,1,0
1431546,1,2,0,0,1,0,0,2,0,187
1435046,3,0,0,0,0,0,0,0,1,0
1435056,0,1,0,0,0,0,0,0,0,0
1435356,0,449,99,0,0,0,0,0,0,4
1437824,0,0,0,0,16,0,0,0,0,0
1440052,702,0,0,0,5,0,0,0,4,9
1445510,0,1,0,0,0,2,2,0,0,0
1446600,1,0,0,0,0,0,0,0,1,0
1446608,1,0,0,0,0,0,0,0,0,0
1446701,51,0,0,0,1,0,0,0,0,1
1446707,162,0,0,0,1,0,0,0,1,4
1446746,556,0,0,0,2,0,0,0,0,2
1448059,0,0,0,0,1,0,0,0,0,0
1449752,0,0,0,1,72,0,0,0,44,0
1449979,2,3,2,0,7,0,0,3,0,3
1450761,1,0,0,0,0,1,0,1,1,1
1452727,0,0,0,0,1,0,0,0,1,0
1452732,0,0,3,0,0,0,0,0,0,0
1453352,2,1,0,0,0,0,1,0,1,1
1454382,5,25,124,0,52,3,1,41,4,18
1454586,9,0,0,0,0,0,0,0,0,0
1454598,1,0,0,0,0,0,0,0,0,0
1454603,7,0,0,0,0,0,0,0,0,0
1454604,91,0,0,0,1,0,0,0,0,0
1454647,5,0,0,0,0,0,0,0,0,0
1458253,0,0,0,3,0,0,0,0,0,0
1458426,0,0,1,0,0,0,0,0,0,0
1460447,0,0,0,0,0,1,0,0,19,0
1461582,0,0,0,6,1,0,0,2129,0,0
1462996,0,1,0,0,0,0,0,0,0,0
1463165,15,0,0,0,0,0,0,0,0,0
1468409,0,0,0,0,0,0,0,0,0,5
1472416,216,0,0,0,0,43,67,0,59,26
1476025,0,2,28,0,1,1,0,1,0,1
1476901,0,0,0,10,0,0,4,1,17,0
1484693,1,0,0,0,0,0,0,0,0,0
1486262,0,0,0,0,0,9,0,0,0,0
1487956,0,1,0,0,0,0,0,0,0,0
1490052,0,5,2,0,13,0,0,4,1,2
1490057,1,4,2,0,13,0,0,3,0,2
1493872,0,0,1,0,0,0,0,0,0,0
1497681,0,0,0,1,0,0,0,0,0,0
1499686,0,0,0,0,0,0,0,1,0,0
1499687,0,3,2,0,3,0,0,4,0,2
1499973,115,1,0,0,0,0,0,0,0,2
1500254,0,10,9,0,14,0,3,11,1,6
1501662,0,1,1,8166,4448,171,117,2,109,2
1505757,24,0,0,0,0,0,0,0,0,0
1510570,1,0,0,0,0,0,0,0,0,0
1513468,1,0,0,0,0,0,0,0,0,0
1514105,0,0,0,0,0,0,0,0,1,0
1515612,0,27,24,0,0,0,0,0,0,18
1526412,0,0,1,0,0,0,0,0,0,0
1528099,0,199,17,0,1,0,0,1,522,0
1530123,0,0,0,0,0,0,0,6,0,0
1531429,9,1,0,0,0,1128,696,0,13,979
1532023,0,0,1,0,21,0,0,0,0,5
1532552,0,0,1,0,0,0,0,0,0,0
1532905,0,0,1,0,0,0,0,0,0,0
1537274,0,0,0,0,0,0,0,9,0,0
1537400,0,0,0,0,0,0,0,1,0,0
1541170,0,0,0,0,60,0,0,0,0,0
1543852,1,0,0,0,0,0,0,0,0,0
1544730,1,0,0,0,1,0,0,0,0,0
1545702,1,0,0,0,0,0,0,0,1,0
1545728,0,1,0,0,0,0,0,0,0,1
1547283,2,3,4,0,1,0,0,2,0,2
1547448,0,4,0,0,0,0,0,1,0,1
1548602,0,0,0,0,63,0,0,0,0,0
1549858,0,0,0,0,392,0,0,0,0,0
1549949,0,0,0,0,0,0,0,0,0,1
1550024,39,0,0,0,0,20,7,23,22,0
1550728,0,0,0,0,20,0,0,0,0,0
1550733,0,126,144,0,27,0,0,0,0,96
1563222,1,0,0,0,0,0,0,0,0,0
1564114,391,1,1,0,8185,2,1,0,1,1
1564165,0,0,0,0,1,0,0,0,0,0
1564681,0,0,0,1,1,0,0,0,8,11
1565605,0,0,0,1,0,0,0,0,0,0
1570939,0,430,103,0,0,0,1,0,1,0
1573825,1,0,0,0,0,1,1,0,6,8
1581557,0,0,0,0,0,0,0,0,1,3
1581680,0,0,0,0,0,0,0,0,0,1
1582259,0,0,0,0,0,0,0,0,41,0
1585976,0,0,0,0,0,0,0,0,83,0
1592790,0,0,0,0,86,0,0,0,0,0
1592897,1,0,0,0,0,0,0,0,0,0
1593482,0,0,0,0,0,0,0,13,0,0
1598147,1,6,4,0,12,0,2,12,0,3
1603258,0,0,0,0,1,0,0,0,0,0
1608957,0,0,0,0,0,0,0,2,0,0
1609531,0,0,5,0,0,0,0,0,0,0
1609758,0,3,2,0,3,0,0,0,0,1
1609966,0,0,0,0,0,16,0,0,0,0
1609977,0,0,1,0,0,0,0,0,0,0
1615494,5,0,0,0,0,0,0,0,0,0
1615909,0,0,0,0,0,0,0,0,1,0
1617448,1,0,2,0,0,0,2,0,0,0
1617964,589,0,0,0,2,0,0,0,4,14
1618207,0,3,0,0,0,0,0,0,0,0
1619313,1,0,0,0,0,0,0,0,0,0
1620421,0,0,0,0,0,11,0,0,0,0
1628156,3,0,0,0,0,11,10,0,4,0
1634516,0,0,0,0,5,0,0,0,0,0
1636720,0,0,0,0,1,0,0,1,0,0
1637975,0,3,5,5,2,0,1,1,1,3
1639133,14,0,0,0,0,0,0,0,0,0
1642646,3,0,0,0,0,16,6,0,35,1
1642647,4,0,0,0,0,25,10,0,2,0
1644130,0,0,0,0,1,21,18,0,3,0
1648923,4,2,6,0,10,0,0,7,0,9
1653434,180,2,1,0,4,540,408,6348,270,9
1653478,0,0,0,0,4,0,0,0,0,0
1658665,0,1,26,0,0,0,0,0,0,0
1658671,0,0,0,0,3,0,0,0,0,0
1658672,0,1,1,0,0,0,0,4,0,0
1667239,5,17,20,0,59,1,1,24,3,18
1670800,0,0,0,0,0,5,0,12,0,0
1671923,0,0,0,342,190,8,9,0,4,0
1677857,0,0,0,1,0,3,0,0,0,0
1678028,0,0,0,0,0,0,0,40,0,1
1678128,125,149,385,1,1,0,1,0,9,536
1678129,1,1,1,0,0,0,0,0,0,2
1679721,1586,14,7,2,2,5873,5614,6792,400,3622
1685010,0,0,12,0,0,0,0,0,0,0
1690220,0,0,1,0,3,0,0,0,0,1
1695218,1,0,1,0,1,0,0,5,0,3
1702043,0,2,0,0,0,0,0,0,0,0
1702221,10,7,4,6,10,26,152,4,10379,39043
1703250,1,0,0,0,0,0,0,0,0,0
1704044,0,0,0,0,1,0,0,0,0,0
1707785,0,0,0,0,0,0,0,218,0,1
1708783,0,0,0,0,0,0,0,5,0,0
1712675,0,0,0,0,1,0,0,0,0,0
1714840,0,0,0,1,0,0,0,0,0,0
1715720,0,1,4,0,0,0,0,6,0,0
1715860,0,0,1,10,2,0,0,0,0,0
1715989,0,0,0,0,1,0,0,0,0,0
1716543,0,0,0,0,0,4,4,0,0,0
1721091,0,0,8,0,0,0,0,0,0,0
1725232,7,0,0,0,0,32,1,0,12,0
1727145,1092,0,2,0,1,1216,671,38,31,10
1727196,1,0,0,0,0,0,0,0,0,0
1734925,946,3862,2142,2,3646,15,1,681,94,145
1735038,2,4,6,0,4,0,0,16,0,3
1735111,0,0,0,0,1,0,0,0,36,0
1737424,4527,7,2,2,1,2155,1713,27,847,2
1737425,0,2,31,0,0,0,0,0,0,3
1737571,2,2,185,0,4,0,0,2,0,1
1738647,21,0,2,0,1,90,28,1,26,49
1740721,0,0,6,0,0,0,0,0,0,0
1742359,0,1,1,0,3,0,1,2,1,1
1750535,0,0,1,0,0,0,0,0,0,1
1750719,0,0,0,2,0,0,0,0,0,0
1756988,0,0,0,0,0,78,0,0,0,0
1758194,0,1,0,0,0,0,0,1,0,0
1759399,0,0,0,642,204,9,4,0,9,0
1761012,1,2,0,0,1,70,113,765,28,0
1761453,0,0,0,1,0,0,2,0,0,0
1763363,0,0,0,0,0,0,0,0,1,0
1763828,0,1,0,0,1,0,0,0,0,2
1774216,0,0,0,0,1,0,0,0,0,0
1774743,0,0,0,0,1,0,0,0,0,0
1776384,831,2,0,0,0,18,8,1,4800,1
1778262,4,0,0,0,0,0,0,0,0,0
1778678,0,0,1,15,2,0,0,0,0,0
1783348,0,0,1,0,0,0,0,0,0,0
1784719,2,6,2,0,10,0,0,2,0,0
1785128,0,0,0,0,0,0,0,1,0,0
1785995,0,0,0,0,0,0,1,1,3118,0
1795043,0,0,0,0,0,0,0,0,0,2
1795631,27,39,41,0,0,0,0,1,2,145
1796613,4608,3,7,4,4,2307,1064,7,34385,9
1796616,845,4,1,1,0,1225,868,14,1268,3
1796635,0,0,0,0,0,0,0,0,4,0
1796644,0,0,1,0,0,0,0,0,144,0
1796646,11113,59,14,18,28,66607,47944,2668,21921,328
1804624,0,0,0,0,3,0,0,0,0,0
1805431,0,0,0,1,0,0,0,0,59,316
1805478,0,0,0,0,0,0,3,0,77,987
1805827,18,0,0,0,439,0,0,0,0,1
1805840,9,0,0,0,409,0,0,0,0,1
1806216,0,0,0,0,0,0,0,0,1,0
1811193,0,0,0,1,0,0,0,0,0,0
1812934,14,0,0,0,0,0,0,0,0,0
1812935,21,0,0,0,0,0,0,0,1,0
1813182,0,1,0,0,0,0,0,0,0,1
1813451,0,0,0,0,0,1,0,0,0,0
1813468,0,0,0,0,152,0,0,0,0,0
1813879,0,0,0,0,1,0,0,0,0,0
1814128,0,0,0,0,0,0,0,0,0,1
1814218,0,0,0,0,0,0,0,0,43,225
1825069,10,8,7,25395,5097,181,10,7,378,9
1837130,0,4,6,1,5,0,1,1,0,3
1839799,0,0,3014,0,0,0,0,1,1,2
1842533,0,1,0,0,0,0,0,3,0,1
1842534,0,0,0,0,0,14,0,3,0,0
1842535,0,1,2,0,128,0,0,0,0,0
1842727,42,36,90,2,0,0,0,0,4,146
1844051,0,0,0,0,0,0,0,11,0,0
1844999,0,0,0,0,0,0,0,1,0,2
1847728,0,0,0,1,0,1,2,0,0,3
1851544,0,0,0,0,0,0,0,1,0,0
1852374,0,0,0,0,0,0,0,1,0,0
1852381,2,0,1,98,0,28,14,0,231,2287
1852390,0,0,2,0,0,0,0,0,0,0
1855823,12,28,42,64,106,2,2,66,9,19
1858609,0,1,0,0,0,0,0,0,0,0
1866325,0,2,3,0,0,0,0,0,0,1
1867408,0,0,0,0,1,0,0,0,0,0
1868589,0,0,0,0,0,0,0,1,0,0
1868734,16,50,56,0,105,3,0,57,3,28
1868793,0,0,0,0,1,0,0,0,0,0
1868794,0,0,0,0,1,0,0,0,0,0
1870862,0,0,0,0,0,0,0,1,0,0
1870984,1,2,1,2,3,1,3,0,0,13419
1871019,0,0,0,0,0,11,8,1,92,1314
1871021,1763,0,2,2,1,2771,1657,143,88,109
1871031,0,0,0,0,0,0,7,1,138,1835
1871034,3,24,6,0,13,0,0,5,0,1
1871047,0,0,304,0,0,0,0,0,0,0
1874061,4,3028,3719,0,2,1,0,2,0,3309
1884907,1,0,0,0,0,1,0,0,0,0
1886670,0,0,1,0,0,0,0,0,0,0
1888195,8,3,6,27685,4764,201,10,2,407,5
1891644,0,0,0,0,0,0,0,0,0,6
1892855,0,0,0,0,1,0,0,0,0,0
1896196,0,1,2,0,0,0,0,0,0,2
1898474,8,12,12,0,31,1,0,26,3,4
1902580,0,0,1,0,0,0,0,0,0,0
1903056,5,14,16,0,40,1,0,28,3,5
1903186,0,0,0,0,1,0,0,0,0,0
1903686,0,0,0,3,2,0,0,0,0,6
1903704,0,0,0,0,0,0,0,10,0,0
1905725,410,1474,1079,1,1932,11,1,514,34,23
1907662,5,0,0,0,0,2,0,0,0,1
1911586,2,9,1,1,8,0,1,9,0,3
1912064,0,0,0,0,1,0,0,0,0,0
1912795,0,1,0,0,0,0,0,0,0,0
1912897,520,55,5,2,1,3329,3855,212,95,484
1913578,0,1,1,0,8,0,0,0,0,1
1914471,0,0,37,0,0,0,0,0,0,0
1914525,0,2763,2818,1,2,0,1,1,0,2591
1917441,0,1,0,1630,287,10,3,0,27,1
1920114,6,0,0,0,0,0,0,0,0,0
1920191,39,327,450,0,123,15,8,921,11,95
1921421,0,0,1,0,0,0,0,1,0,0
1921510,0,0,0,0,0,0,0,0,0,1
1922217,1,0,0,0,0,0,0,0,0,0
1925020,0,0,0,0,0,0,0,0,0,1
1925021,7,18,27,0,46,2,1,28,3,10
1926868,0,0,0,0,0,0,0,0,0,1
1929246,3,0,0,0,0,0,0,0,0,0
1930546,0,12,8,0,26,0,0,11,1,5
1930764,0,2,1,0,1,0,0,0,1,0
1933880,0,2,0,0,1,0,0,0,0,0
1933904,0,0,0,0,0,0,0,1,0,0
1933910,0,0,0,0,0,0,0,1,0,0
1933912,0,0,0,0,0,0,0,1,0,0
1935181,10,0,0,0,0,0,0,0,0,1
1935379,1,8,3,0,7,0,0,2,0,0
1938607,0,0,0,0,7,0,0,0,0,0
1940319,0,0,1,749,150,20,10,0,9,2
1940610,0,0,0,0,0,0,0,18,0,0
1940612,0,0,0,0,0,0,0,0,0,1
1941347,0,0,0,14,1,0,0,0,0,0
1944646,0,0,0,0,0,3,3,0,0,2
1954351,198,0,0,0,1,0,0,0,0,1
1955013,0,0,0,117,14,1,0,0,1,1
1961362,77,0,0,0,2,0,0,0,0,0
1963025,0,0,0,0,1,0,0,0,0,0
1963026,1,0,2,0,1,0,0,1,0,2
1965590,1,0,0,0,0,2,1,0,0,0
1967501,0,0,0,0,0,4,0,0,0,0
1972431,12,0,0,0,0,0,0,0,0,0
1973002,1,0,0,0,0,0,0,0,0,0
1978566,0,0,0,0,0,0,0,1,0,28
1981031,0,0,0,0,0,12,2,0,1,0
1981510,77,0,0,0,0,0,63,0,10,0
1982626,0,0,0,0,0,0,0,0,20,0
1983719,0,0,1,0,0,0,0,0,0,0
1985873,0,0,0,0,0,0,0,1,0,0
1986204,1,0,0,0,0,0,0,0,0,0
1990687,1,1,0,0,18,0,0,0,0,0
2003188,1,2,1,2,2,1,31,3,686,9237
2003551,0,0,0,0,5,0,0,0,0,0
2004710,0,2,2158,1,0,0,0,0,1,0
2005703,0,0,1,1,0,0,0,0,8,33
2007306,1,0,0,0,0,0,0,0,0,0
2010829,0,0,0,0,0,0,0,0,1,0
2010972,0,0,0,0,0,0,0,1,0,0
2012495,0,0,0,0,1,0,0,0,0,0
2015076,0,0,38,0,0,0,0,0,0,0
2015316,0,0,0,0,0,0,0,0,0,1
2017483,0,1,0,0,0,0,0,0,0,1
2017485,0,0,0,0,2,0,0,0,0,0
2020486,0,75,0,0,0,0,0,0,0,0
2021403,6,0,0,0,1,0,0,0,0,0
2021971,53,41,46,216483,44879,1540,35,44,3325,52
2023229,0,2,1,0,0,0,0,0,0,3
2024580,0,0,0,0,1,0,0,0,0,0
2025492,0,0,0,6,5,0,0,0,0,0
2025876,1235,4,4,6,5,1557,863,5,1254,126
2025949,0,0,0,0,0,0,0,2,0,0
2026186,8,21,31,0,46,2,0,50,5,15
2026188,13,18,39,0,26,2,0,27,2,24
2026191,1,7,10,0,7,1,0,5,1,1
2026255,0,0,0,0,0,0,0,0,0,1
2036206,0,0,0,3,1,0,0,0,0,0
2038343,0,0,0,0,1,0,0,0,0,0
2038776,0,0,1,0,0,0,0,0,30,0
2039166,0,0,405,0,0,0,0,1,105,0
2041036,0,0,1,0,0,0,0,0,0,0
2041044,0,0,0,0,0,1,0,0,0,0
2044467,2,0,0,0,0,0,0,0,0,0
2044912,0,0,0,26,7,0,1,0,0,0
2045208,0,0,0,0,0,0,0,35,0,0
2047724,11,0,0,0,0,0,0,0,0,0
2048654,2,4,10,0,38,0,0,7,5,4
2048775,1,0,0,0,0,0,0,0,0,0
2048776,102,0,0,0,3,0,0,0,0,3
2048778,3,0,0,0,0,0,0,0,2,0
2048781,216,0,0,0,3,0,0,0,1,2
2049935,1,2,1,2,8,0,0,0,0,0
2054641,0,0,0,1,0,0,0,0,0,0
2055889,1,3,2,0,1,0,0,0,0,0
2057246,0,6,0,0,3,0,0,0,0,1
2057791,0,0,0,0,0,0,0,0,3,2
2058134,27,0,0,0,0,1,0,0,9,0
2058136,1,9,5,0,13,0,0,10,0,4
2058624,2,1,4,0,0,0,0,0,1,4
2058625,0,0,1,0,0,0,0,0,0,0
2060307,0,0,0,0,0,0,0,0,16,61
2060312,0,0,0,0,0,0,0,0,0,1
2060726,0,0,0,0,0,0,0,6,0,0
2065378,0,0,0,0,0,0,0,1,0,0
2068655,8656,13,13,10,15,27588,20247,5668,4593,629
2069255,0,0,0,2,0,1,0,0,0,0
2069367,7,368,0,0,0,0,0,1125,60,0
2070463,3,3,3,45,26,1,1,2,0,4
2070761,0,0,2,0,0,0,0,0,0,0
2071607,0,0,0,0,3,0,0,0,0,0
2072025,0,0,0,0,0,0,0,1,0,0
2072590,0,0,0,0,0,0,0,392,0,0
2077147,26,0,0,0,1,0,0,0,0,1
2080757,0,0,0,0,0,0,0,0,0,1
2081791,0,0,0,0,0,0,0,8,0,0
2083051,1,0,0,0,0,0,0,6,0,0
2086584,2769,3,1,3,9,2189,1186,267,299,4
2086585,0,0,0,0,0,0,1,0,0,0
2093834,0,12,8,0,6,0,1,6,1,2
2093856,3,0,0,0,0,0,0,0,5,2
2093857,14184,12,10,5,11,13813,10070,5,14060,7
2094020,1,4,8,0,13,0,0,8,0,9
2094151,10882,27,38,26,34,67568,46882,1289,103887,2106
2099788,0,0,0,0,2,0,0,0,0,1
2107713,0,0,0,0,0,0,0,0,0,1
2107999,4,1,0,0,86,3,0,0,714,1
2108523,4340,8103,1,4,3,2780,2464,5,992,9
2109687,15542,77,12,9,13,10266,10176,17,3186,10
2109915,0,1,0,0,1,0,0,1,1,15
2116657,0,0,0,0,0,0,0,0,0,1
2126319,2,0,4,0,0,0,0,0,0,2
2126982,1,0,0,0,0,0,0,0,0,0
2133944,2,0,0,0,0,4,2,1,0,0
2162637,4,0,0,1,0,7,3,0,23,0
2163011,0,0,0,0,3,0,0,0,0,1
2169540,3,15,16,1,95,0,1,16,15,9
2170745,0,3,1,0,3,0,0,0,0,0
2171623,0,0,0,0,1,0,0,0,0,0
2173853,0,0,0,5,3,0,0,0,0,6
2182384,0,0,0,0,2,0,0,0,0,0
2183911,20,0,0,0,0,0,0,6,0,1
2211108,0,0,0,1,0,0,0,0,0,0
2211210,0,0,0,0,3,0,0,0,0,0
2211212,0,1,1,0,0,0,0,2,0,4
2213194,1,0,0,0,1,0,0,0,0,1
2213202,0,0,17,0,4,0,0,0,0,0
2217867,0,0,0,0,0,0,0,5,0,0
2219225,0,0,0,0,0,0,0,2,0,0
2219696,0,0,0,0,120,0,0,0,0,0
2231055,0,2,1,0,2,0,0,5,0,0
2233542,2,6,12,3,13,0,0,15,0,7
2259595,0,0,0,0,0,0,1,0,0,0
2259638,2,0,0,0,0,0,0,0,0,0
2267265,1,4,5,0,10,0,0,6,0,7
2268024,0,0,0,66,3,10,12,3,134,1208
2269374,0,0,0,0,0,0,0,0,0,3
2282170,1,0,0,0,0,0,0,0,0,0
2282475,54,4,0,0,0,0,0,294,1,0
2283195,0,0,0,0,1,0,0,0,0,0
2292255,0,0,0,0,0,0,0,0,0,1
2294119,2,0,0,0,0,4,0,0,0,0
2303505,0,4,2,0,5,0,0,3,0,1
2304600,0,0,0,0,0,0,0,1,0,0
2319844,0,1,1,0,0,0,0,0,0,2
2320431,0,0,0,0,0,0,0,0,0,1
2320858,1,6,3,0,14,0,0,10,0,4
2321403,1,0,0,0,13439,0,0,2,0,2
2341112,0,0,0,0,0,2,0,3,0,0
2364647,6,0,0,0,0,0,0,0,0,0
2364787,1155,1,2,590,121,1116,798,3,839,8
2382163,2,0,0,2603,547,23,1,1,50,1
2419842,1,0,1,0,0,0,0,1,1,1
2420310,0,0,1,9,6,0,0,0,0,0
2420313,0,0,0,0,0,0,1,0,2,8
2448440,0,0,1,0,0,0,0,0,0,1
2478464,2,0,0,0,0,0,0,0,0,0
2478662,0,0,2,0,0,0,0,3,0,0
2478663,0,0,94,0,0,0,0,0,0,0
2478954,24,0,0,0,0,0,0,0,5,0
2479767,38,1,0,0,0,35,16,1,1,0
2483799,0,0,0,0,2,0,0,0,0,0
2487072,0,0,219,0,0,0,0,0,0,0
2487074,0,0,809,0,0,0,2,0,17,0
2487887,0,0,0,0,0,0,0,7,0,0
2487892,0,1,0,0,0,0,0,0,0,0
2488560,0,0,0,0,0,0,0,0,2,2
2488819,0,0,1,0,0,1,0,0,1,4
2490633,0,0,0,3,2,0,0,0,0,0
2490855,88,0,0,0,0,185,161,8,24,1
2491679,1,0,0,0,0,0,0,0,0,0
2491878,2,0,0,0,0,0,0,0,0,0
2492438,0,2,0,0,3,0,0,0,0,2
2494234,13,9,11,4623,15,926,795,12,9081,83474
2496265,0,0,0,0,0,0,0,0,0,1
2496837,78,275,333,0,578,15,9,348,25,176
2496847,0,0,0,0,0,0,0,0,0,2
2497860,1,0,0,0,0,0,0,0,0,0
2499688,3,1,563,0,4,0,0,3,1,1
2502791,0,0,0,0,0,0,0,1,0,1
2507160,1926,0,1,1,0,114,4,0,45,1
2507162,0,0,0,0,0,1,0,8,0,0
2509456,0,0,0,0,0,0,0,0,1,0
2509614,2,2,3,0,0,0,0,0,0,5
2518605,27,2,1,0,0,8,4,1,1,5
2528203,0,0,0,0,0,3,1,0,0,0
2546350,6,0,0,0,0,0,0,0,0,0
2547600,0,0,12,0,0,0,0,0,0,0
2559073,13,539,25,0,295,0,1,7,2,5
2562451,0,6,1,2,2,0,1,0,0,1
2564099,527,0,0,0,0,212,331,42,36,260
2565556,0,5,5,0,0,0,0,0,0,4
2565558,0,2,0,0,0,0,0,0,0,0
2566013,3,5,6,0,4,0,0,1,0,15
2567896,2,0,1,0,8133,1,0,1,0,1
2571746,0,0,0,0,0,0,0,0,0,1
2571748,0,0,0,1,0,0,0,0,0,1
2571750,5,11,11,0,20,1,0,9,1,5
2576307,0,0,0,0,0,2,0,0,0,0
2576606,37,1,0,0,0,62,31,0,18,6
2576756,1,2,0,0,2,1415,1647,4,2,1
2579935,1,0,0,0,0,0,0,0,0,0
2583231,0,0,0,0,0,0,0,5,0,0
2583377,0,4,0,0,2,1,0,2,0,0
2583452,0,0,0,0,0,0,0,0,48,0
2583587,0,0,0,0,0,1,0,0,1,0
2583989,0,0,0,0,1,0,0,0,0,0
2584122,0,0,0,0,0,1,0,0,0,1
2584944,0,0,0,7,0,1,1,0,9,79
2585118,55,0,0,6,0,179,4,0,161,0
2585119,11237,4,5,1311,237,2870,2928,5,4335,8
2585135,0,0,0,0,1,0,0,0,0,0
2585771,0,0,0,0,0,1,0,0,0,0
2587597,0,0,0,0,0,0,0,3,0,0
2587848,0,1,8,0,0,0,0,0,0,0
2589074,0,0,0,0,3,0,0,0,0,0
2590012,0,0,1,0,0,0,0,0,0,0
2590869,0,0,0,0,0,0,0,10,0,0
2590900,23,1,2,0,1,148,146,0,74,3
2593652,360,1482,1605,2,3310,105,51,1645,122,1275
2594473,0,1,0,0,4,0,0,0,0,0
2594494,0,0,0,0,0,0,0,0,5,0
2594495,0,0,0,0,2,0,0,0,16,0
2594883,38,100,115,0,168,11,5,142,13,64
2594913,0,0,4,0,0,0,0,0,0,0
2596828,0,0,0,0,0,0,0,0,0,14
2596913,0,0,0,0,10,0,0,1,0,0
2597659,0,1,0,0,2,0,0,0,0,0
2597701,0,1,0,0,0,0,0,3,0,1
2597770,0,0,0,0,0,0,0,1141,0,0
2598457,0,0,0,31,11,1,0,0,0,0
2599297,0,0,0,0,7,0,0,0,0,1
2599308,0,0,0,0,0,0,0,0,1,0
2599600,0,0,0,0,0,162,0,0,0,0
2600177,44,0,0,0,0,1,9,0,0,1
2601898,0,0,0,0,0,0,0,28,0,0
2604158,14,0,0,0,0,3,1,0,0,0
2606626,149,17,6,2,1,673,422,4,269,59
2608254,0,3,3,2,1,0,0,3,0,2
2608999,0,0,0,0,0,0,0,0,0,7
2610895,959,1022,1,7,3,1177,619,3,467,8
2610896,0,0,0,3,383,13,17,0,0,0
2650157,16,0,0,0,0,12,1,0,110,0
2650158,629,0,1,0,0,397,23,0,1013,0
2651284,80,323,395,0,511,17,7,391,24,260
2654249,0,0,0,0,0,42,0,0,0,0
2654982,0,0,9,0,0,0,0,0,0,0
2660641,0,0,0,0,0,0,0,300,0,0
2662033,0,0,0,0,0,0,0,106,0,0
2662034,0,0,0,0,0,0,0,8,0,0
2662363,0,0,0,0,0,1,2,0,1,0
2663022,3,3,6,0,5,0,0,1,1,6
2663857,0,0,0,0,1,0,0,0,0,0
2664091,0,0,0,285,90,5,0,0,0,0
2666138,1024,0,1,0,1,2131,1911,4,1436,1016
2666183,1,0,0,0,0,0,1,770,0,0
2672567,8,19,124,1,37,2,0,23,2,21
2672569,0,0,0,0,0,0,0,0,0,2
2675053,124,0,0,0,1,0,0,0,0,2
2675218,0,0,0,0,0,0,0,1,0,0
2675219,1,0,0,0,0,0,0,0,0,0
2675224,0,0,0,0,0,0,0,1,0,0
2675754,0,4,0,0,0,0,0,0,0,0
2681552,23,12,33,0,0,0,0,1,0,65
2681766,8,0,1,0,1,2,1,0,26,148
2682091,0,0,0,0,0,0,1,0,0,0
2682776,307,0,0,0,0,33,99,1,4,2891
2684405,2,12,4,0,9,0,0,3,0,1
2686210,0,0,0,0,186,9,11,0,0,0
2690380,0,0,0,0,0,0,0,0,2,0
2690837,214,0,0,0,1,242,98,0,2,793
2691580,10213,2249,2,4,9,9154,6334,1212,107,3230
2692425,0,1,0,0,3,0,0,1,0,1
2695882,0,0,0,0,0,0,0,0,3,0
2696063,1832,4,2,0,1,2043,1536,1,204,7
2697030,2172,3,0,1,1,458,17,2,1649,1
2697032,0,0,0,0,0,0,0,0,0,1
2697569,0,1,0,0,0,0,0,0,0,0
2698673,0,0,0,0,4,0,0,0,0,0
2698679,0,0,0,0,1015,0,0,0,0,0
2698828,0,4,4,0,3,0,0,0,0,3
2700081,0,0,0,0,1,0,0,0,0,0
2705548,0,0,0,6,0,1,2,1,7,36
2707299,538,2,0,0,1,659,698,0,174,889
2708346,1,0,0,30,4,2,4,14819,0,1
2708352,0,9,7,0,7,0,0,453,2,4
2709303,0,0,0,0,0,0,0,7,0,0
2709304,0,0,0,0,1,0,0,0,0,0
2709390,0,0,0,0,0,0,0,0,2,0
2709392,0,1,1,0,0,0,0,0,0,1
2709394,0,0,0,0,1,0,0,2,1,523
2709410,7,1,1,0,0,7,18,0,1,0
2709784,0,7,4,0,14,0,1,4,3,0
2711156,0,0,0,0,3,0,0,0,0,0
2714353,1002,15,3,0,0,832,1083,1,492,0
2714355,7524,6,4,6,2,7256,6167,5,1311,5
2714358,19922,201,18,13,13,18333,16509,11,5429,12
2714924,1,1,1,0,0,0,0,0,0,1
2714925,0,0,0,0,0,0,0,0,0,1
2714926,0,0,0,0,0,0,0,0,1,0
2714934,0,1,0,0,1,0,0,0,0,0
2714937,0,2,2,0,1,0,0,3,1,0
2714942,0,0,0,0,1,0,0,0,0,0
2714943,0,1,0,0,0,0,0,0,0,0
2714944,0,3,1,0,19,0,0,0,0,5
2714946,0,0,0,0,0,0,0,0,1,3
2714947,0,0,0,1,2,0,0,0,3,33
2715212,5230,6,2,0,3,579,314,5,9142,2
2716225,0,2,1,0,0,0,0,1,0,0
2716226,0,0,0,11,0,1,0,0,6,73
2719119,1,0,0,0,0,0,0,0,0,1
2724150,0,0,0,0,0,0,0,0,1,0
2725268,0,0,1,0,0,0,0,1,0,1
2725666,0,0,0,0,0,0,0,1,0,0
2728020,0,0,0,1,0,0,0,9,1,2
2728021,0,0,0,0,0,0,0,2,0,0
2728851,0,0,0,0,14,0,0,0,0,0
2728853,1,6,2,0,5,0,0,13,0,5
2729175,0,0,0,0,3,0,0,0,0,0
2729421,841,2478,2815,0,5098,156,73,3154,191,1827
2730848,0,0,0,0,0,2,0,0,0,0
2731377,0,0,0,0,0,0,1,0,1,0
2732067,0,0,0,0,6,0,0,0,0,0
2735134,0,1,0,0,1,0,0,0,0,0
2735554,0,0,0,0,0,0,0,0,1,0
2735723,4,8,9,0,17,2,1,10,2,6
2738883,1,0,0,0,0,0,0,0,0,0
2739063,17,0,0,0,0,0,0,0,0,0
2739433,0,0,0,0,5,0,0,0,0,0
2742145,0,0,0,0,0,1,0,0,0,0
2742601,0,0,0,0,0,0,0,0,38,0
2742602,0,3,0,0,0,0,0,0,0,0
2743470,1,5,3,0,0,0,0,7,0,2
2743772,0,0,0,0,0,0,1,0,0,0
2745482,0,0,0,0,0,0,0,37,0,0
2748629,0,0,0,0,0,0,0,96,0,1947
2749999,0,0,0,0,0,0,0,6,0,0
2750929,0,0,0,0,0,2,0,0,0,0
2750995,1,0,0,0,0,0,0,0,0,0
2751153,3,0,0,0,0,3,3,0,4,1
2751313,1,0,0,0,0,0,0,0,0,0
2752316,0,1,0,0,0,0,0,0,0,1
2755382,0,0,0,0,1,0,0,0,0,0
2755405,0,0,0,0,0,0,1,0,1,0
2758037,0,0,33,0,0,0,0,0,0,0
2758710,0,1,1,0,1,0,0,0,0,2
2759528,0,0,26,0,0,0,0,0,0,0
2759692,0,0,0,0,4,0,1,0,0,0
2759707,0,0,0,0,4,0,0,0,0,0
2760310,0,1,0,0,0,0,0,0,0,0
2762322,0,0,0,0,0,0,0,1,0,1
2762323,0,1,2,0,0,0,0,0,0,2
2762329,0,0,0,0,2,0,0,1,0,0
2762563,0,2,3,0,7,1,0,5,0,0
2762729,0,1,0,0,1,0,0,0,0,0
2763010,0,0,2,0,0,0,0,0,0,0
2763062,704,2,0,0,0,1147,678,105,71,110
2763540,0,0,0,0,0,5,14,16,0,4
2763667,1980,2,1,0,3,4158,2186,74,138,57
2763669,8288,820,9,5,5,8773,7904,2591,1555,949
2763670,2618,0,3,0,1,1738,1350,23,88,104
2763672,160,3,1,1,0,867,664,32,49,43
2764186,0,0,0,0,698,0,0,2,0,0
2765360,0,0,0,0,0,0,0,4,0,0
2766470,0,0,0,0,0,0,0,0,1,0
2766537,3,3,0,0,0,120,64,0,88,6
2768161,0,0,0,0,0,1,0,0,0,0
2769490,1,0,0,0,0,0,0,0,0,0
2769491,0,1,0,0,0,0,1,2928,0,0
2771361,0,0,0,0,0,1,0,0,0,0
2773704,1,0,0,0,1,0,0,0,0,0
2774875,0,0,2,0,0,0,0,0,0,1
2775081,0,1,0,0,0,0,0,0,0,0
2777185,0,0,0,0,1,0,0,0,0,0
2778370,0,0,4,0,0,0,0,0,0,0
2778550,8,0,0,0,0,0,0,0,0,0
2778911,0,0,0,0,0,0,0,0,2,0
2779518,958,52,2,3,0,1152,918,157,88,45
2779519,0,1,2,2,3,0,31,0,743,11294
2780922,2123,0,1,0,0,455,587,3,154,17
2781599,0,0,0,100,112,18,24,0,0,0
2781736,2,0,0,0,0,1,1,1,0,0
2781774,0,0,0,4,2,0,0,0,0,0
2782006,0,0,0,0,2,0,0,0,0,0
2782168,0,0,0,0,7,0,0,0,0,0
2782176,0,0,0,0,0,0,0,1,1,1
2782665,0,0,0,0,0,0,0,0,0,1
2782674,0,0,0,0,0,0,0,1,0,11
2785025,126,0,0,0,1,228,185,1,66,6
2785056,0,0,0,0,0,0,0,2,0,0
2785124,2,0,0,0,0,0,0,0,0,0
2785531,24,0,0,0,1,20,20,9,37,0
2787751,144,1,0,1,0,278,283,1,1305,0
2789208,1,1,2,0,5,0,0,1,1,6
2789216,0,0,0,0,0,0,0,1,0,0
2792859,45,0,0,1,1,22,34,10,64,0
2796366,0,1,0,0,0,0,0,1,0,0
2796927,0,0,0,0,0,0,1,8,0,0
2798729,1,0,0,0,0,0,0,0,0,0
2798804,0,0,0,0,0,0,0,0,0,1
2799680,0,0,0,14,2,0,0,0,0,0
2799681,0,0,0,9,6,0,0,0,0,0
2800128,1,0,0,1,0,0,0,0,3,2
2801997,0,0,0,0,1,0,0,0,384,0
2803858,0,0,0,0,7,0,0,0,0,2
2806347,0,1,1,0,0,0,0,0,0,0
2806443,0,1,0,0,0,0,0,0,0,0
2806989,0,3,3,1,3,0,0,1,0,1
2807624,0,0,0,0,1,0,0,0,0,0
2810514,14854,50040,58222,121,101737,3472,1795,69705,4670,44825
2811108,0,1,0,0,1,0,0,0,0,0
2811415,0,0,0,0,0,0,0,0,0,2
2811425,6,7,18,0,0,0,0,0,0,18
2812000,1,0,0,0,0,0,0,0,0,0
2813727,0,3,0,0,9,0,0,0,0,2
2813777,0,0,0,5,2,0,0,0,0,0
2815358,4,0,0,0,0,0,0,0,0,0
2818390,0,1,0,0,1,0,0,0,0,0
2821140,0,0,0,0,0,0,0,1,0,0
2821409,0,0,0,0,1,0,0,0,0,1
2823807,0,0,0,0,0,0,0,0,0,2
2829816,0,0,0,0,0,0,0,0,0,1
2830842,0,0,0,0,0,0,0,1,0,0
2831662,0,1,0,0,0,0,0,0,0,0
2831673,0,0,1,0,0,0,0,0,0,0
2831966,51,1,0,0,0,13,13,0,3,1
2834459,0,0,0,0,0,0,0,0,2,3
2834768,0,0,0,0,0,2,0,25,0,0
2836365,0,0,0,0,1,0,0,0,0,0
2836366,0,0,0,4,0,0,0,0,1,0
2836367,0,0,0,0,2,0,0,0,2,0
2839024,1,0,0,0,0,0,0,0,0,0
2840371,1,1,2,3,2,0,3,1,4978,2
2840467,0,0,0,1,0,0,0,1,2,13
2840468,0,0,0,0,0,1,0,0,0,0
2840469,0,0,0,0,0,0,0,0,0,1
2841528,54,1,2,0,0,221,263,14,1,6
2842357,0,0,0,0,0,0,0,2,0,0
2843330,0,0,0,0,1,0,0,0,0,0
2844358,2,7,3,0,7,0,0,4,0,4
2850078,12,0,0,0,0,0,0,0,0,0
2850441,0,0,3,0,3,0,0,1,0,4
2852098,0,0,548,0,0,0,0,0,2,0
2854036,0,0,0,0,0,1,0,0,0,0
2854389,0,0,0,0,0,0,0,0,0,5
2855394,0,0,0,0,0,0,0,0,2,0
2856555,0,0,0,0,10,0,12,0,0,0
2856851,0,1,0,0,0,0,0,0,0,0
2859227,3,2,15,0,10,0,1,4,0,4
2860051,0,0,0,0,0,2,0,0,1,0
2860286,0,2,0,0,0,0,0,4,0,0
2860396,89,212,292,14,648,11,5,308,24,138
2861282,0,2,0,0,1,1,0,2907,0,1
2866195,0,0,0,0,0,0,0,0,0,6
2866278,0,0,0,0,0,0,0,3,0,0
2866588,0,16,0,0,5,0,0,0,0,0
2866627,1,0,0,0,0,0,0,0,0,0
2867409,0,0,0,0,0,0,0,41,0,0
2871175,0,0,0,1,0,0,0,0,0,0
2872154,0,0,0,0,5,0,0,0,0,0
2872652,0,0,0,0,6,0,0,0,0,0
2874282,1,5,5,2,13,0,0,8,1,6
2874284,0,1,0,0,2,0,0,1,0,0
2875729,0,1,0,0,1,0,0,0,0,0
2875764,1,3,3,0,4,0,0,5,1,0
2877527,356,2,0,0,2,927,457,135,254,6
2878150,0,0,0,0,0,0,0,0,0,1
2878202,4,0,0,0,0,1,0,0,0,0
2878534,0,0,2,0,0,0,0,0,6,0
2880221,8,20,27,0,44,1,2,20,2,15
2883998,0,0,0,0,0,0,0,1,0,0
2884022,0,0,0,0,2,0,0,0,0,0
2884834,19,48,120,0,135,0,6,83,11,53
2885764,0,0,0,0,2,0,0,0,0,0
2886044,0,0,0,0,0,0,0,67,0,0
2887346,0,0,0,0,2,0,0,0,0,0
2890321,0,0,1,0,90,0,0,0,0,0
2891570,6,0,0,0,0,0,0,0,1,0
2892440,0,0,0,0,5,0,0,1,0,0
2892442,0,0,0,0,0,0,0,14,0,0
2892541,0,0,0,0,0,0,0,0,0,1
2894079,1,0,0,0,0,0,0,0,0,0
2894156,2,3,5,3,1,3,60,1,1393,19309
2895482,0,0,0,0,0,0,0,1,0,0
2895483,0,0,0,0,0,0,0,1,0,0
2895489,0,0,0,0,0,0,0,3,0,0
2895522,19,47,28,1,86,3,4,56,5,21
2895818,0,0,0,0,1,0,0,0,0,0
2896849,0,0,0,0,3,0,0,0,0,0
2897333,1,2,1,0,7,0,0,6,0,1
2897335,0,0,0,10,3,0,0,0,0,0
2897773,0,1,0,0,0,0,0,0,0,0
2897774,0,2,0,0,0,0,0,0,0,0
2899121,0,0,0,0,0,0,0,0,2,0
2899123,2,0,0,0,7047,0,1,0,0,0
2901381,0,1,4,0,7,0,0,4,0,4
2901836,0,0,0,0,0,0,1,0,0,0
2903960,0,0,0,0,38,0,0,0,0,0
2908211,0,0,2,0,0,0,0,0,0,0
2909283,0,0,0,0,0,2,0,0,0,0
2909673,0,0,0,0,1,0,0,0,0,0
2911514,0,12,18,0,18,1,0,19,1,9
2912187,6,8,13,0,65,1,0,22,5,4
2912228,0,0,0,2,0,0,0,0,0,0
2912824,0,0,8,0,0,0,0,2,0,1
2913614,319,3,0,0,0,308,234,95,4,137
2913616,35,8,0,1,0,35,29,9,1,26
2913620,32,11,0,1,0,317,247,5,0,15
2913621,2,0,0,1,0,6,5,0,1,1
2914710,0,1,1,0,0,0,0,0,0,0
2918528,0,0,0,0,0,0,0,13,0,0
2918765,0,0,0,0,4,0,0,0,0,0
2918914,24,0,0,0,0,4,4,0,5,0
2920380,0,0,0,0,0,0,0,1,0,0
2921432,159,633,351,0,677,33,18,695,33,488
2921474,0,0,0,1,1,0,0,0,0,0
2921503,2,4,2,0,8,0,0,3,1,5
2921510,0,0,0,0,1,0,0,1,0,0
2921549,0,1,3,0,3,1,0,3,0,2
2921555,0,0,1,0,2,0,0,1,0,1
2921587,1,1,1,0,2,0,0,3,0,0
2921616,0,0,7,0,0,0,0,0,0,1
2921639,1,0,0,0,0,0,0,0,0,1
2921654,0,0,0,2,0,0,0,0,0,0
2921686,0,0,1,0,0,0,0,0,0,0
2921698,0,1,0,0,1,0,0,1,0,0
2921700,0,0,1,0,0,0,0,0,0,0
2921704,42,109,121,0,214,8,7,146,6,85
2921711,0,0,0,0,0,3,0,0,0,0
2921713,0,0,1,0,6,0,0,1,0,0
2923362,0,0,0,0,0,0,0,0,1,0
2924031,1,2,1,0,1,0,0,6,0,1
2924032,376,1277,1452,2,2089,86,26,1406,77,1082
2924033,1,5,5,2,13,0,0,7,0,5
2925830,0,1,0,0,0,0,0,0,0,0
2925838,0,2,2,0,2,0,1,3,1,8
2925841,0,0,0,0,0,1,0,0,0,0
2926399,1,3,8,0,17,0,1,5,0,2
2926671,0,0,0,0,0,0,0,4,0,0
2927788,0,0,0,0,0,0,0,1,0,0
2929481,0,1,0,7,2,0,0,0,0,0
2929493,0,0,0,0,0,1,0,0,0,0
2929799,0,0,0,0,0,0,0,0,1,0
2929800,0,0,1,0,0,0,0,0,0,0
2930131,0,0,0,5,4,0,0,0,5,0
2932255,0,1,2,0,2,0,1,1,0,0
2932256,0,0,1,0,0,0,0,0,0,0
2932257,0,0,1,0,0,0,0,0,0,0
2932258,0,0,5,0,1,0,0,1,0,0
2933872,0,0,1,0,0,0,0,0,0,0
2934158,0,0,0,0,1,0,0,0,0,0
2934161,0,0,0,0,2,0,0,0,0,0
2934315,3,0,0,0,0,2,2,0,4,0
2937774,2080,904,4,1,2,5369,3905,88,19,693
2937787,1,0,0,0,1,0,0,0,0,0
2939494,0,0,3,0,0,0,0,0,0,4
2939495,0,0,0,0,0,0,0,8,0,0
2940300,0,1,0,0,0,0,0,0,0,0
2940301,0,0,0,0,0,0,0,1,0,0
2944234,0,0,0,0,0,0,0,3,0,0
2946593,0,0,0,0,0,0,0,0,0,4
2949090,0,1,3,0,33,0,0,8,0,0
2949093,0,0,0,0,561,0,0,0,0,0
2949635,39,1,0,0,0,2,7,0,63,456
2949776,7,0,0,0,0,0,0,0,0,0
2950605,0,0,0,0,1,0,0,0,0,0
2951805,0,0,0,0,0,2,2,0,2,0
2954081,0,0,0,0,0,0,0,1,0,0
2954094,0,0,0,0,0,0,0,2,0,0
2954511,1,0,0,0,1,0,0,0,0,0
2954513,0,0,35,0,0,0,1,1,0,0
2954535,1,0,0,0,0,0,0,1,0,0
2954544,0,0,0,1,1,0,0,0,0,0
2954547,0,5,4,0,6,0,3,4,0,3
2954593,1,10,36,0,13,0,0,10,3,6
2954607,21,42,85,1,95,2,1,53,2,31
2954611,1,1,0,0,3,0,0,3,0,3
2954613,1,4,5,0,11,0,0,3,1,1
2954614,0,1,1,0,0,0,0,1,0,3
2954655,0,0,0,0,1,0,0,0,0,1
2954672,0,2,43,0,2,1,0,2,0,0
2954674,0,1,62,0,0,0,0,0,0,0
2954681,171,751,816,0,1414,56,15,1140,67,492
2954683,58,220,265,0,394,13,8,342,21,167
2954684,6,6,8,0,14,0,1,9,2,7
2954699,8,36,19,0,32,2,3,35,4,17
2954706,0,3,4,0,1,0,0,1,0,3
2962858,3,7,10,0,9,0,2,6,0,42
2963365,1,3,2,0,4,0,0,7,0,1
2963940,0,2,4,0,7,0,0,0,0,1
2966552,139,0,0,0,0,31,19,0,8,52
2966586,13,42,53,0,59,0,1,37,4,28
2969250,0,0,0,0,3,0,0,0,0,0
2969821,0,0,0,0,0,0,0,0,1,0
2970464,0,0,0,0,0,0,0,25,0,0
2970925,0,0,0,0,5,0,0,0,0,0
2971264,37,0,0,0,0,0,0,0,0,1
2971912,0,0,0,0,0,3,0,0,0,0
2972483,0,0,0,0,0,0,0,0,1,0
2972485,0,0,0,0,1,0,0,0,0,0
2972761,35,0,0,0,0,6,2,1,40,0
2972784,0,0,0,1,1,0,0,0,0,1
2975055,5,0,0,0,0,0,0,1,0,0
2975324,0,0,100,0,0,0,0,0,0,0
2975349,0,0,0,1,0,0,0,0,0,0
2976533,0,2,0,0,0,0,0,0,0,1
2976812,3,12,11,1,15,0,0,17,0,2
2976818,0,0,11,0,0,0,0,0,0,0
2979868,0,0,0,0,0,0,0,0,1,5
2980026,8299,44522,44692,42,78839,2436,1961,59737,4323,37551
2980027,942,2988,3435,2,6350,165,112,3815,284,2216
2980099,0,0,0,0,0,0,0,0,0,1
2981139,0,0,0,0,1,0,0,0,0,0
2982533,0,0,0,0,57,0,0,0,0,0
2984845,0,0,13,0,0,0,0,1,0,0
2986074,0,0,0,0,0,0,0,4,0,0
2986280,0,1,0,0,0,0,0,0,0,0
2986281,0,0,1,0,0,0,0,0,0,1
2986424,0,0,0,0,0,0,0,3,0,0
2986919,0,0,0,0,1,0,0,0,0,0
2986924,0,0,0,0,0,0,0,2,0,0
2986928,0,0,0,0,0,0,0,13,0,0
2987751,0,0,0,0,2,0,0,0,0,0
2989768,0,0,0,0,0,0,0,0,1,0
2989769,0,0,1,12,3,0,0,2,4,1
2989770,0,0,0,0,3,0,0,0,3,0
2989771,0,1,0,0,7,0,0,0,6,0
2989772,0,1,1,78,45,1,1,0,13,0
2991053,0,0,1,0,0,0,0,2,0,0
2991418,10,42,45,0,56,2,2,133,3,28
2992140,0,0,0,0,0,0,0,0,0,2
2993455,3,1,0,0,57,1,1,0,650,1
2994078,8,0,0,0,0,16,17,0,13,2
2995658,0,0,0,0,0,0,0,1,0,0
2996034,0,0,1,0,0,0,0,0,0,0
2996112,1,0,0,0,0,0,0,0,0,0
2997354,0,0,0,0,1,0,0,0,0,0
2999116,0,0,0,0,0,0,1,0,0,0
3003229,0,0,0,0,0,1,0,0,0,0
3003601,7,0,0,0,0,0,0,0,1,1
3004096,0,2,4,0,1,0,1,1,0,2
3014784,0,0,0,0,34,0,0,0,0,0
3015994,0,0,0,0,0,0,0,475,0,0
3015996,0,0,0,0,0,0,0,5,0,0
3016342,3,15237,7,1,10085,5,3,4,2,2
3016343,1,0,0,0,0,0,0,0,0,0
3020056,1,6,4,0,10,2,0,3,1,2
3020716,0,0,0,0,0,0,0,1,0,0
3020908,0,0,0,52,13,0,0,0,2,0
3022697,51,182,215,0,325,7,3,201,22,122
3025672,0,0,0,0,0,0,0,0,1,0
3028070,4473,2,1,2,1,4251,2379,83,708,5345
3028082,0,0,0,3,4,0,0,0,0,0
3028083,0,0,0,11,2,0,0,0,0,0
3028315,0,1,133,0,1,0,0,1,0,1
3028735,0,0,0,0,0,2,0,0,0,0
3029084,7,0,0,0,0,0,1,0,0,0
3029761,10,0,0,0,0,0,0,0,0,0
3030016,1975,1,2,0,1,1756,752,2,685,2340
3030017,30,3,1,1,0,20,9,2,1,334
3030639,0,0,0,0,0,0,0,0,1,0
3031408,0,0,0,0,0,0,0,0,0,1
3031993,0,0,0,0,0,0,0,0,8,32
3034233,8,5,1,974,198,12,2,1,1,1
3035289,0,0,0,0,0,0,0,1,0,0
3035514,0,0,0,0,0,0,0,1,0,1
3035694,1,0,0,0,0,0,0,6,11,0
3036128,0,1,0,0,0,0,0,1,0,0
3036300,0,0,0,0,0,0,0,0,0,90
3039116,21,0,0,0,0,1,3,50,0,1
3040601,0,0,0,0,0,0,0,3,0,0
3043332,0,0,1,0,0,0,0,0,0,0
3044568,0,0,0,0,0,0,0,0,0,3
3045146,0,0,0,0,0,1,3,0,0,0
3046382,9,0,0,0,0,4,5,0,0,0
3047478,0,2,0,0,0,0,0,5,0,0
3047871,4,4,19,0,19,2,1,10,1,7
3047873,3,6,38,0,7,0,1,10,0,19
3047874,18,252,901,1,441,16,16,433,46,255
3047875,0,0,1,0,0,0,0,0,0,1
3048535,0,3,331,0,0,0,0,1,0,1
3048891,0,1,1,0,0,0,0,0,0,0
3050112,1,4,3,0,10,0,0,10,0,7
3050131,0,0,0,0,0,1,0,0,2,3
3050627,6,0,0,0,0,0,0,0,0,0
3051183,2,0,0,164,28,0,1,0,1,0
3051614,0,3,6,0,1,0,0,1,0,3
3052086,0,1,0,0,2,0,0,0,0,0
3052090,0,1,1,0,0,0,0,0,0,0
3054939,74,259,295,0,501,20,5,341,29,213
3056444,2,3,2,0,4,0,0,0,0,5
3056648,0,0,0,0,0,0,0,0,0,8
3058393,0,1,0,0,0,0,0,0,0,0
3058394,0,0,0,0,0,0,0,1,0,0
3058398,1,3,3,0,3,0,0,0,0,3
3059030,28,0,0,0,0,60,32,3,6,1
3062169,0,0,0,0,2,0,0,0,0,0
3062598,1,0,0,0,0,0,0,0,0,0
3064278,0,0,0,1,0,0,0,752,0,0
3065865,11,0,0,0,0,0,0,0,0,0
3066236,3,0,0,0,0,0,0,0,0,0
3066254,1,0,0,0,0,0,0,0,1,0
3068341,5,4,17,0,0,0,0,0,0,17
3070215,75,2,3,5,2,1168,965,64,52,343
3070656,17,0,0,0,0,6,6,373,14,1
3070676,0,0,5,0,0,0,0,0,0,1
3070677,14,62,522,0,83,4,1,79,6,50
3070678,11,40,38,2,56,3,1,32,6,33
3070679,1504,5865,6795,4,7568,331,156,6094,462,4632
3070680,1,0,132,0,1,0,0,2,0,0
3070682,0,0,35,0,0,0,0,0,0,0
3070683,1,4,5,0,0,0,0,0,1,1
3070814,6,0,0,0,0,11,11,1,13,8
3070995,0,0,0,0,0,2,3,1,0,0
3070996,0,0,0,0,0,9,13,0,0,0
3070997,5,0,0,0,0,7,3,5,0,0
3071408,0,0,1,0,0,0,0,0,0,0
3073271,0,0,3,0,0,0,0,0,0,0
3073816,1,5,1,0,7,0,0,7,0,1
3077584,0,0,0,50,17,2,0,0,0,0
3077585,0,0,1,0,2,0,0,2,0,0
3077723,9,2,9,18778,3963,148,7,5,329,13
3077789,0,0,2,0,6,0,0,1,0,1
3078265,0,0,0,0,46,0,0,0,0,0
3079302,3843,1,0,0,3,1380,3296,1,3,0
3079303,1,0,0,0,0,0,0,0,0,0
3081231,0,0,1,0,0,0,0,1,0,0
3081750,60,0,0,0,0,95,95,11,1,1
3082444,3532,11980,16149,13,21585,701,417,15027,934,8673
3094916,0,0,0,0,0,0,0,3,0,0
3095341,0,0,0,0,1,0,0,0,0,0
3095343,0,0,0,0,5,0,0,0,0,0
3095364,0,0,3,0,3,0,0,2,0,2
3098075,0,0,0,78,89,4,2,0,1,0
3098076,0,0,2,0,26,0,0,0,0,1
3098669,2,0,0,0,0,0,0,0,0,0
3100175,1,0,0,0,0,0,0,0,0,0
3108543,0,0,0,0,0,0,0,1,0,0
3109030,0,1,0,0,1,0,0,0,0,2
3110227,0,0,0,0,0,3,0,0,0,0
3111540,38,1,0,0,1,5,3,0,376,0
3114367,1,701,657,0,3,0,0,0,0,831
3114537,0,0,0,0,0,4,0,0,0,0
3117552,18,0,0,0,0,4,0,0,32,0
3117553,1,1,2,0,5,0,0,3,0,2
3121290,0,0,0,0,1,0,0,0,0,0
3122488,0,0,0,0,0,0,1,0,2,28
3123317,25,2,6,0,4,775,608,3104,7,62
3127459,0,0,0,0,0,0,0,1,0,0
3131995,121,319,391,0,712,19,9,432,31,281
3132797,0,0,0,0,4621,0,1,0,0,0
3135646,0,0,0,0,0,0,0,1,0,4
3136731,0,0,1,0,1,0,0,0,0,0
3141537,0,1,0,0,0,0,0,0,0,0
3142977,0,0,0,0,0,0,0,2,0,0
3153753,0,0,0,0,0,0,0,0,5,0
